tract,city,county,walk_score,metro_score,safety_score,community_score,hospital_score,house_score,accessibility_score
27001770100,McGregor,Aitkin,0,0,78,72,0,0,30
27001770200,Palisade,Aitkin,0,0,78,61,0,0,28
27001770300,Aitkin,Aitkin,0,0,78,47,53,0,36
27001770400,McGregor,Aitkin,0,0,78,77,0,0,31
27001790501,McGrath,Aitkin,0,0,78,70,0,0,30
27001790502,Aitkin,Aitkin,0,0,78,43,0,0,24
27003050107,St Francis,Anoka,1,0,67,64,0,0,26
27003050108,St Francis,Anoka,0,0,67,30,0,0,19
27003050109,Bethel,Anoka,0,0,85,36,0,0,24
27003050110,East Bethel,Anoka,0,0,85,23,0,0,22
27003050111,Wyoming,Anoka,0,0,86,24,0,0,22
27003050114,Oak Grove,Anoka,4,0,85,16,0,0,21
27003050115,Oak Grove,Anoka,1,0,85,23,0,0,22
27003050116,Elk River,Anoka,0,0,73,24,0,0,19
27003050208,Andover,Anoka,34,74,85,31,91,90,69
27003050210,Circle Pines,Anoka,0,41,85,22,0,0,24
27003050215,Andover,Anoka,10,74,85,17,0,90,44
27003050216,Ham Lake,Anoka,0,0,85,13,0,0,20
27003050217,Andover,Anoka,3,74,85,20,0,0,26
27003050218,Andover,Anoka,0,74,85,21,0,0,26
27003050219,Andover,Anoka,0,74,85,24,91,89,62
27003050220,Andover,Anoka,0,74,85,21,91,90,62
27003050221,Andover,Anoka,0,74,85,18,0,90,43
27003050222,Andover,Anoka,1,74,85,15,91,90,61
27003050223,Ramsey,Anoka,0,24,83,25,0,92,41
27003050224,Ramsey,Anoka,0,24,83,29,0,92,42
27003050225,Ramsey,Anoka,2,24,83,10,0,0,20
27003050226,Ramsey,Anoka,3,24,83,23,91,89,59
27003050227,Ramsey,Anoka,6,24,83,39,91,89,63
27003050228,Ramsey,Anoka,2,24,83,26,0,89,41
27003050229,Lino Lakes,Anoka,10,40,90,19,0,0,26
27003050230,Lino Lakes,Anoka,7,40,90,8,0,0,23
27003050232,Hugo,Anoka,25,0,85,13,0,0,23
27003050233,Circle Pines,Anoka,11,41,85,11,0,0,23
27003050234,Ham Lake,Anoka,0,0,85,27,0,0,22
27003050235,Ham Lake,Anoka,11,0,85,29,0,0,24
27003050236,Hugo,Anoka,8,0,85,17,0,0,22
27003050237,Lino Lakes,Anoka,2,40,90,25,0,0,26
27003050401,Anoka,Anoka,5,53,66,46,91,89,62
27003050402,Anoka,Anoka,31,53,66,54,91,89,68
27003050501,Anoka,Anoka,69,53,66,69,91,89,76
27003050504,Anoka,Anoka,28,53,66,46,91,89,66
27003050505,Anoka,Anoka,39,53,66,53,91,89,68
27003050602,Coon Rapids,Anoka,10,38,74,41,91,90,63
27003050605,Coon Rapids,Anoka,33,38,74,35,91,89,65
27003050606,Coon Rapids,Anoka,5,38,74,55,90,90,65
27003050607,Coon Rapids,Anoka,31,38,74,38,91,89,65
27003050608,Coon Rapids,Anoka,6,38,74,28,91,90,60
27003050609,Coon Rapids,Anoka,47,38,74,24,91,89,64
27003050610,Coon Rapids,Anoka,14,38,74,19,91,89,59
27003050702,Coon Rapids,Anoka,47,38,74,28,91,90,65
27003050704,Coon Rapids,Anoka,15,38,74,33,91,90,62
27003050706,Minneapolis,Anoka,38,100,71,26,90,90,67
27003050707,Coon Rapids,Anoka,4,38,74,18,91,90,57
27003050709,Coon Rapids,Anoka,11,38,74,31,90,96,62
27003050710,Coon Rapids,Anoka,22,38,74,36,90,96,65
27003050711,Coon Rapids,Anoka,3,38,74,18,91,90,57
27003050712,Coon Rapids,Anoka,20,38,74,40,91,90,64
27003050805,Blaine,Anoka,27,44,70,17,0,90,42
27003050806,Blaine,Anoka,17,44,70,17,0,90,40
27003050807,Blaine,Anoka,27,44,70,45,90,90,65
27003050808,Blaine,Anoka,45,44,70,34,90,90,66
27003050809,Minneapolis,Anoka,9,100,71,21,90,90,62
27003050810,Blaine,Anoka,19,44,70,30,90,96,62
27003050811,Blaine,Anoka,45,44,70,42,90,96,69
27003050813,Blaine,Anoka,1,44,70,22,90,86,56
27003050816,Circle Pines,Anoka,12,41,85,26,0,86,44
27003050818,Blaine,Anoka,0,44,70,6,0,0,18
27003050819,Minneapolis,Anoka,0,100,71,10,0,0,22
27003050820,Minneapolis,Anoka,14,100,71,17,0,90,44
27003050821,Blaine,Anoka,14,44,70,16,90,90,58
27003050901,Circle Pines,Anoka,44,41,85,49,90,86,71
27003050902,Circle Pines,Anoka,36,41,85,28,0,95,49
27003051001,Spring Lake Park,Anoka,27,49,55,45,90,96,64
27003051002,Minneapolis,Anoka,43,100,71,37,90,96,71
27003051101,Fridley,Anoka,32,85,52,39,90,96,65
27003051102,Fridley,Anoka,15,85,52,30,90,96,61
27003051103,Fridley,Anoka,21,85,52,41,90,96,64
27003051201,Fridley,Anoka,24,85,52,20,90,97,60
27003051202,Fridley,Anoka,21,85,52,40,90,97,64
27003051203,Fridley,Anoka,23,85,52,25,90,87,59
27003051206,Fridley,Anoka,12,85,52,26,90,99,60
27003051302,Columbia Heights,Anoka,50,92,73,35,90,71,66
27003051304,Minneapolis,Anoka,27,100,71,34,90,71,63
27003051305,Minneapolis,Anoka,66,100,71,56,90,71,73
27003051400,Minneapolis,Anoka,48,100,71,24,90,71,64
27003051501,Columbia Heights,Anoka,75,92,73,39,90,71,71
27003051502,Minneapolis,Anoka,33,100,71,47,90,71,66
27003051600,Stacy,Anoka,0,0,85,36,0,0,24
27005450100,Detroit Lakes,Becker,0,0,66,29,0,0,19
27005450200,Frazee,Becker,0,0,92,33,0,0,25
27005450300,Detroit Lakes,Becker,0,0,66,35,0,0,20
27005450400,Detroit Lakes,Becker,0,0,66,35,0,0,20
27005450500,Detroit Lakes,Becker,15,0,66,40,70,93,56
27005450600,Detroit Lakes,Becker,2,0,66,53,70,93,57
27005450700,Detroit Lakes,Becker,0,0,66,30,0,0,19
27005450800,Audubon,Becker,3,0,92,23,0,0,23
27005450900,Lake Park,Becker,0,0,92,34,0,0,25
27005940000,Ogema,Becker,0,0,92,52,0,0,29
27007450100,Bemidji,Beltrami,0,0,0,33,64,0,19
27007450200,Bemidji,Beltrami,0,0,0,27,64,0,18
27007450300,Bemidji,Beltrami,0,0,0,36,0,0,7
27007450400,Puposky,Beltrami,0,0,81,53,0,0,27
27007450500,Grygla,Beltrami,0,0,81,54,0,0,27
27007450600,Bemidji,Beltrami,42,0,0,38,64,92,45
27007450701,Bemidji,Beltrami,0,0,0,26,64,92,36
27007450702,Bemidji,Beltrami,2,0,0,51,64,92,42
27007940001,Grygla,Beltrami,0,0,81,32,0,0,23
27007940002,Cass Lake,Beltrami,0,0,81,34,0,0,23
27009020100,Oak Park,Benton,0,0,89,33,0,0,24
27009020202,Foley,Benton,0,0,89,29,0,0,24
27009020203,Rice,Benton,0,0,89,25,0,0,23
27009020205,Rice,Benton,0,0,89,33,0,0,24
27009020206,Sauk Rapids,Benton,0,0,78,77,90,99,69
27009020300,Sauk Rapids,Benton,0,0,78,24,0,0,20
27009021101,Sauk Rapids,Benton,8,0,78,33,90,99,61
27009021102,Sauk Rapids,Benton,13,0,78,59,90,99,67
27009021200,St Cloud,Benton,1,0,63,50,90,88,58
27011950100,Ortonville,Big Stone,3,0,95,52,0,0,30
27011950200,Graceville,Big Stone,0,0,88,46,0,0,27
27011950300,Ortonville,Big Stone,13,0,95,54,49,0,41
27013170100,Eagle Lake,Blue Earth,0,0,92,19,0,0,22
27013170200,Mankato,Blue Earth,3,0,55,28,88,96,54
27013170300,Mankato,Blue Earth,11,0,55,46,88,96,59
27013170400,Mankato,Blue Earth,60,0,55,46,88,96,65
27013170500,Mankato,Blue Earth,21,0,55,32,88,96,57
27013170600,Mankato,Blue Earth,64,0,55,34,88,96,64
27013170700,Mankato,Blue Earth,81,0,55,39,88,96,67
27013170800,Mankato,Blue Earth,1,0,55,32,88,96,54
27013170900,Lake Crystal,Blue Earth,0,0,85,33,0,0,24
27013171000,Lake Crystal,Blue Earth,0,0,85,34,0,0,24
27013171101,Mankato,Blue Earth,34,0,55,5,88,96,54
27013171202,Mankato,Blue Earth,10,0,55,35,88,96,56
27013171300,Mankato,Blue Earth,0,0,55,19,0,0,15
27013171400,Mapleton,Blue Earth,0,0,86,38,0,0,25
27013171500,Vernon Center,Blue Earth,0,0,73,37,0,0,22
27013171600,Mankato,Blue Earth,9,0,55,13,88,96,52
27015960101,New Ulm,Brown,53,0,72,28,57,89,57
27015960102,New Ulm,Nicollet,0,0,72,28,57,89,49
27015960200,New Ulm,Brown,11,0,72,33,57,89,52
27015960300,New Ulm,Brown,48,0,72,39,57,94,59
27015960400,Sleepy Eye,Brown,0,0,96,36,54,0,37
27015960500,Sleepy Eye,Brown,16,0,96,34,54,0,39
27015960600,Springfield,Brown,0,0,100,47,54,95,59
27015960700,Hanska,Brown,0,0,96,24,0,0,24
27017070100,Cloquet,Carlton,4,0,59,52,51,0,33
27017070200,Cloquet,Carlton,1,0,59,44,51,0,31
27017070300,Esko,Carlton,6,0,83,27,51,0,33
27017070400,Wrenshall,Carlton,0,0,83,30,0,0,23
27017070500,Barnum,Carlton,0,0,83,49,0,0,26
27017070600,Cromwell,Carlton,0,0,83,41,0,0,25
27017940000,Cloquet,Carlton,0,0,59,38,0,0,19
27019090100,Watertown,Carver,0,0,87,31,0,82,40
27019090200,New Germany,Carver,0,0,87,20,0,0,21
27019090301,Waconia,Carver,1,0,87,37,88,0,43
27019090302,Cologne,Carver,0,0,87,5,88,84,53
27019090401,Waconia,Carver,0,0,87,13,88,82,54
27019090402,Victoria,Carver,1,0,87,11,0,92,38
27019090501,Excelsior,Carver,3,41,87,6,0,99,41
27019090502,Chanhassen,Carver,1,41,87,5,0,99,41
27019090503,Excelsior,Carver,6,41,87,10,0,99,42
27019090601,Chanhassen,Carver,50,41,87,20,0,99,51
27019090602,Chanhassen,Carver,2,41,87,7,0,99,41
27019090701,Chanhassen,Carver,3,41,87,13,0,99,43
27019090702,Chaska,Carver,0,41,88,6,78,95,56
27019090800,Chaska,Carver,0,41,88,22,0,95,43
27019090900,Chaska,Carver,6,41,88,23,0,95,45
27019091000,Chaska,Carver,0,41,88,25,0,95,44
27019091100,Cologne,Carver,0,0,87,9,0,84,36
27019091201,NYA,Carver,0,0,87,29,0,0,23
27019091202,Cologne,Carver,0,0,87,18,0,84,38
27021940001,Walker,Cass,0,0,43,66,0,83,38
27021940002,Cass Lake,Cass,0,0,43,49,0,0,18
27021960100,Remer,Cass,0,0,43,67,0,77,37
27021960200,Longville,Cass,0,0,43,65,0,0,22
27021960301,Hackensack,Cass,0,0,43,56,0,0,20
27021960302,Backus,Cass,0,0,43,53,0,0,19
27021960600,Backus,Cass,0,0,43,52,0,0,19
27021960700,Pine River,Cass,0,0,43,43,0,0,17
27021960801,East Gull Lake,Cass,0,0,43,24,0,0,13
27021960802,Pillager,Cass,0,0,43,49,0,0,18
27023950300,Maynard,Chippewa,0,0,96,46,0,0,28
27023950400,Clara City,Chippewa,0,0,96,37,0,0,27
27023950500,Montevideo,Chippewa,0,0,68,36,0,0,21
27023950600,Montevideo,Chippewa,8,0,68,46,49,96,53
27025110100,Harris,Chisago,0,0,90,28,0,98,43
27025110200,Harris,Chisago,0,0,90,34,0,98,44
27025110301,North Branch,Chisago,1,0,77,35,0,98,42
27025110302,North Branch,Chisago,0,0,77,31,0,0,22
27025110401,Wyoming,Chisago,1,0,86,29,71,90,55
27025110402,Stacy,Chisago,1,0,90,32,0,0,25
27025110501,Lindstrom,Chisago,3,0,90,33,0,77,40
27025110502,Lindstrom,Chisago,0,0,90,43,0,90,45
27025110600,Center City,Chisago,0,0,90,15,0,77,36
27025110700,Taylors Falls,Chisago,0,0,90,34,0,0,25
27027020100,Moorhead,Clay,39,0,70,30,0,97,45
27027020202,Moorhead,Clay,37,0,70,58,0,97,50
27027020300,Moorhead,Clay,80,0,70,36,0,97,52
27027020400,Moorhead,Clay,36,0,70,20,0,97,42
27027020500,Moorhead,Clay,34,0,70,31,0,97,44
27027020600,Moorhead,Clay,11,0,70,38,0,97,43
27027030102,Dilworth,Clay,12,0,59,36,0,97,40
27027030103,Moorhead,Clay,7,0,70,32,0,97,41
27027030104,Sabin,Clay,0,0,88,25,0,0,23
27027030106,Moorhead,Clay,0,0,70,24,0,97,38
27027030107,Felton,Clay,0,0,88,16,0,0,21
27027030201,Hawley,Clay,0,0,88,26,0,0,23
27027030202,Barnesville,Clay,0,0,88,26,0,0,23
27029000100,Bagley,Clearwater,0,0,78,68,49,0,39
27029000200,Bagley,Clearwater,0,0,78,59,0,0,27
27029000300,Gonvick,Clearwater,0,0,78,42,0,0,24
27031480100,Grand Marais,Cook,0,0,72,33,0,0,21
27031480200,Grand Marais,Cook,0,0,72,33,0,0,21
27031990000,Unknown,Cook,0,0,72,0,0,0,14
27033270100,Mountain Lake,Cottonwood,0,0,92,42,0,0,27
27033270200,Lamberton,Cottonwood,0,0,87,38,0,0,25
27033270300,Windom,Cottonwood,0,0,62,41,0,0,21
27033270400,Bingham Lake,Cottonwood,2,0,87,48,0,0,27
27035950100,Emily,Crow Wing,0,0,91,52,0,0,29
27035950204,Crosslake,Crow Wing,0,0,91,52,0,0,29
27035950400,Pequot Lakes,Crow Wing,7,0,91,36,0,80,42
27035950501,Nisswa,Crow Wing,0,0,91,30,0,0,24
27035950502,Merrifield,Crow Wing,1,0,91,32,0,0,25
27035950700,Crosby,Crow Wing,0,0,60,55,53,92,52
27035950800,Brainerd,Crow Wing,0,0,24,45,0,0,14
27035950900,Brainerd,Crow Wing,0,0,24,26,87,0,27
27035951000,Brainerd,Crow Wing,2,0,24,56,87,0,34
27035951100,Brainerd,Crow Wing,8,0,24,60,87,0,35
27035951200,Brainerd,Crow Wing,0,0,24,70,87,0,36
27035951301,Baxter,Crow Wing,0,0,58,23,87,0,34
27035951302,Baxter,Crow Wing,0,0,58,56,87,0,40
27035951400,Fort Ripley,Crow Wing,0,0,91,41,0,0,26
27035951600,Brainerd,Crow Wing,0,0,24,49,0,0,15
27035951700,Pine River,Crow Wing,0,0,91,46,0,0,27
27037060101,St Paul,Dakota,60,100,79,29,90,97,73
27037060102,St Paul,Dakota,34,100,79,49,90,97,74
27037060103,West St Paul,Dakota,15,81,57,26,90,98,61
27037060104,St Paul,Dakota,33,100,79,41,90,98,72
27037060105,St Paul,Dakota,37,100,79,41,90,98,73
27037060201,South St Paul,Dakota,6,79,73,22,90,98,62
27037060202,South St Paul,Dakota,14,79,73,37,90,97,66
27037060301,South St Paul,Dakota,38,79,73,41,89,98,70
27037060302,South St Paul,Dakota,47,79,73,32,90,98,70
27037060401,South St Paul,Dakota,31,79,73,34,89,98,68
27037060402,South St Paul,Dakota,9,79,73,35,89,98,65
27037060502,Inver Grove Heights,Dakota,15,18,80,44,0,98,48
27037060503,Inver Grove Heights,Dakota,2,18,80,28,0,84,40
27037060505,Inver Grove Heights,Dakota,0,18,80,35,0,84,41
27037060506,Inver Grove Heights,Dakota,6,18,80,51,0,84,45
27037060507,Inver Grove Heights,Dakota,18,18,80,32,0,84,43
27037060508,Inver Grove Heights,Dakota,0,18,80,16,0,84,37
27037060509,Inver Grove Heights,Dakota,0,18,80,17,0,84,37
27037060603,Mendota Heights,Dakota,3,58,83,23,90,98,63
27037060604,Mendota Heights,Dakota,4,58,83,35,90,90,64
27037060605,Mendota Heights,Dakota,4,58,83,33,90,90,63
27037060606,Mendota Heights,Dakota,16,58,83,23,90,90,63
27037060709,Burnsville,Dakota,13,67,76,13,87,96,60
27037060710,Burnsville,Dakota,17,67,76,27,87,96,64
27037060711,Burnsville,Dakota,19,67,76,51,87,82,66
27037060713,Burnsville,Dakota,17,67,76,15,87,82,58
27037060714,Burnsville,Dakota,10,67,76,25,87,82,59
27037060716,Eagan,Dakota,1,61,83,13,0,90,41
27037060717,Eagan,Dakota,23,61,83,18,0,90,45
27037060721,Eagan,Dakota,25,61,83,13,87,76,59
27037060725,Eagan,Dakota,1,61,83,51,0,90,49
27037060726,Eagan,Dakota,20,61,83,31,0,90,47
27037060727,Eagan,Dakota,18,61,83,33,0,90,47
27037060728,Eagan,Dakota,3,61,83,20,0,84,41
27037060729,Eagan,Dakota,4,61,83,15,0,90,42
27037060730,Eagan,Dakota,5,61,83,6,0,84,39
27037060731,Eagan,Dakota,3,61,83,6,0,0,22
27037060732,Eagan,Dakota,2,61,83,17,0,84,41
27037060733,Eagan,Dakota,20,61,83,28,0,88,46
27037060734,Eagan,Dakota,1,61,83,10,87,88,57
27037060735,Eagan,Dakota,30,61,83,28,87,76,63
27037060737,Burnsville,Dakota,27,67,76,40,87,82,65
27037060738,Burnsville,Dakota,5,67,76,27,87,82,59
27037060739,Burnsville,Dakota,4,67,76,15,87,98,60
27037060741,Burnsville,Dakota,59,67,76,29,87,82,67
27037060742,Burnsville,Dakota,6,67,76,14,87,82,57
27037060743,Eagan,Dakota,9,61,83,24,87,76,59
27037060744,Eagan,Dakota,40,61,83,17,87,82,63
27037060745,Burnsville,Dakota,47,67,76,37,87,98,70
27037060746,Burnsville,Dakota,16,67,76,30,87,98,64
27037060747,Burnsville,Dakota,41,67,76,26,87,76,63
27037060748,Burnsville,Dakota,4,67,76,23,87,76,57
27037060749,Eagan,Dakota,26,61,83,12,0,82,43
27037060750,Eagan,Dakota,24,61,83,38,0,82,48
27037060805,Apple Valley,Dakota,14,47,78,26,87,88,61
27037060806,Apple Valley,Dakota,1,47,78,13,87,88,56
27037060811,Apple Valley,Dakota,15,47,78,29,87,88,61
27037060812,Apple Valley,Dakota,21,47,78,22,87,88,61
27037060813,Lakeville,Dakota,9,44,87,9,87,98,60
27037060814,Lakeville,Dakota,7,44,87,19,87,88,60
27037060815,Lakeville,Dakota,11,44,87,22,87,97,63
27037060816,Lakeville,Dakota,1,44,87,11,87,88,57
27037060817,Farmington,Dakota,4,0,90,18,87,88,57
27037060818,Lakeville,Dakota,7,44,87,22,0,88,43
27037060819,Lakeville,Dakota,3,44,87,22,87,88,60
27037060820,Lakeville,Dakota,0,44,87,10,0,97,41
27037060821,Lakeville,Dakota,10,44,87,29,0,97,47
27037060822,Apple Valley,Dakota,19,47,78,12,87,88,58
27037060823,Apple Valley,Dakota,9,47,78,14,87,88,57
27037060824,Apple Valley,Dakota,24,47,78,26,87,88,62
27037060825,Apple Valley,Dakota,3,47,78,11,87,88,56
27037060826,Apple Valley,Dakota,12,47,78,34,0,88,44
27037060828,Apple Valley,Dakota,56,47,78,22,87,88,66
27037060829,Apple Valley,Dakota,7,47,78,7,87,88,56
27037060902,Farmington,Dakota,0,0,90,15,0,97,40
27037060904,Farmington,Dakota,0,0,90,34,0,0,25
27037060905,Farmington,Dakota,0,0,90,14,0,0,21
27037060906,Farmington,Dakota,2,0,90,18,0,97,41
27037060907,Farmington,Dakota,1,0,90,9,0,97,39
27037061001,Hastings,Dakota,0,0,75,22,0,0,19
27037061003,Rosemount,Dakota,0,42,86,43,0,84,45
27037061004,Rosemount,Dakota,4,42,86,17,0,88,41
27037061005,Rosemount,Dakota,31,42,86,21,0,88,46
27037061007,Rosemount,Dakota,34,42,86,18,0,88,46
27037061008,Rosemount,Dakota,51,42,86,35,0,0,34
27037061009,Rosemount,Dakota,5,42,86,9,0,0,22
27037061102,Hastings,Dakota,12,0,75,42,76,99,60
27037061105,Hastings,Dakota,36,0,75,34,76,99,62
27037061106,Hastings,Dakota,56,0,75,35,76,99,65
27037061107,Hastings,Dakota,0,0,75,43,76,99,59
27037061108,Hastings,Dakota,2,0,75,24,76,99,55
27037061401,Hastings,Dakota,0,0,75,22,0,0,19
27037061402,Cannon Falls,Dakota,0,0,70,22,0,0,18
27037061501,Farmington,Dakota,0,0,90,20,0,0,22
27037061502,Northfield,Dakota,0,0,86,14,67,94,52
27039950100,West Concord,Dodge,0,0,65,17,0,0,16
27039950200,Dodge Center,Dodge,30,0,65,19,0,96,40
27039950300,Claremont,Dodge,1,0,65,35,0,0,20
27039950400,Hayfield,Dodge,0,0,65,19,0,76,32
27039950500,Kasson,Dodge,5,0,77,26,0,0,21
27041450100,Parkers Prairie,Douglas,0,0,90,35,0,0,25
27041450200,Brandon,Douglas,0,0,90,38,0,0,26
27041450500,Carlos,Douglas,0,0,90,32,0,0,24
27041450600,Alexandria,Douglas,6,0,61,43,67,76,50
27041450701,Alexandria,Douglas,15,0,61,56,67,10,41
27041450702,Alexandria,Douglas,8,0,61,25,67,76,47
27041450800,Alexandria,Douglas,0,0,61,42,0,0,21
27041450900,Alexandria,Douglas,0,0,61,28,0,0,18
27041451000,Alexandria,Douglas,0,0,61,23,0,0,17
27043460100,Wells,Faribault,0,0,92,34,0,0,25
27043460200,Winnebago,Faribault,0,0,81,45,0,0,25
27043460300,Blue Earth,Faribault,0,0,80,37,53,0,34
27043460400,Blue Earth,Faribault,46,0,80,40,53,0,41
27043460500,Bricelyn,Faribault,0,0,86,35,0,0,24
27043460600,Wells,Faribault,0,0,92,39,0,0,26
27045960100,Lanesboro,Fillmore,0,0,96,27,0,0,25
27045960200,Wykoff,Fillmore,0,0,96,27,0,0,25
27045960300,Spring Valley,Fillmore,4,0,96,41,0,0,28
27045960400,Preston,Fillmore,0,0,96,31,0,0,25
27045960500,Harmony,Fillmore,0,0,96,46,0,0,28
27045960600,Lanesboro,Fillmore,0,0,96,43,0,0,28
27047180100,Hollandale,Freeborn,0,0,90,45,0,0,27
27047180200,Hartland,Freeborn,0,0,90,36,0,0,25
27047180300,Alden,Freeborn,0,0,90,36,0,0,25
27047180400,Albert Lea,Freeborn,1,0,74,32,76,93,55
27047180500,Albert Lea,Freeborn,21,0,74,45,76,93,61
27047180600,Albert Lea,Freeborn,14,0,74,49,76,93,60
27047180700,Glenville,Freeborn,0,0,90,39,0,0,26
27047180800,Albert Lea,Freeborn,52,0,74,41,76,99,65
27047180900,Albert Lea,Freeborn,24,0,74,55,76,99,64
27047181000,Glenville,Freeborn,0,0,90,31,0,0,24
27049080101,Red Wing,Goodhue,0,0,57,42,87,97,57
27049080102,Red Wing,Goodhue,9,0,57,32,87,97,56
27049080200,Welch,Goodhue,0,0,89,38,87,0,43
27049080300,Red Wing,Goodhue,0,0,57,21,0,0,16
27049080400,Red Wing,Goodhue,0,0,57,24,0,0,16
27049080500,Cannon Falls,Goodhue,0,0,70,21,49,0,28
27049080600,Cannon Falls,Goodhue,15,0,70,36,49,0,33
27049080700,Wanamingo,Goodhue,0,0,89,34,0,0,25
27049080800,Pine Island,Goodhue,0,0,89,26,0,0,23
27049080900,Zumbrota,Goodhue,0,0,81,28,0,0,22
27051070100,Elbow Lake,Grant,0,0,87,43,49,0,36
27051070200,Elbow Lake,Grant,0,0,87,49,0,0,27
27053000101,Minneapolis,Hennepin,28,100,71,36,90,90,67
27053000102,Minneapolis,Hennepin,42,100,71,34,90,99,71
27053000300,Minneapolis,Hennepin,28,100,71,33,90,90,67
27053000601,Minneapolis,Hennepin,31,100,71,27,90,99,68
27053000603,Minneapolis,Hennepin,21,100,71,14,89,99,64
27053001100,Minneapolis,Hennepin,72,100,71,40,89,99,76
27053001700,Minneapolis,Hennepin,64,100,71,23,89,83,68
27053002200,Minneapolis,Hennepin,70,100,71,37,90,83,72
27053002400,Minneapolis,Hennepin,72,100,71,22,89,83,69
27053002700,Minneapolis,Hennepin,37,100,71,49,90,91,71
27053003200,Minneapolis,Hennepin,42,100,71,43,90,78,68
27053003300,Minneapolis,Hennepin,54,100,71,38,90,83,70
27053003800,Minneapolis,Hennepin,73,100,71,17,93,83,69
27053005901,Minneapolis,Hennepin,82,100,71,87,89,99,87
27053005902,Minneapolis,Hennepin,87,100,71,50,43,81,67
27053006800,Minneapolis,Hennepin,88,100,71,27,43,81,63
27053007700,Minneapolis,Hennepin,93,100,71,20,93,81,72
27053007801,Minneapolis,Hennepin,86,100,71,30,93,81,73
27053008100,Minneapolis,Hennepin,90,100,71,23,93,81,72
27053008200,Minneapolis,Hennepin,84,100,71,54,93,81,78
27053008300,Minneapolis,Hennepin,75,100,71,26,93,81,71
27053008400,Minneapolis,Hennepin,76,100,71,25,93,81,71
27053008500,Minneapolis,Hennepin,71,100,71,23,93,90,71
27053009500,Minneapolis,Hennepin,69,100,71,40,93,90,74
27053009600,Minneapolis,Hennepin,58,100,71,37,93,90,72
27053010600,Minneapolis,Hennepin,63,100,71,23,90,99,71
27053010700,Minneapolis,Hennepin,65,100,71,3,93,94,67
27053011000,Minneapolis,Hennepin,57,100,71,14,93,90,68
27053011703,Minneapolis,Hennepin,58,100,71,10,93,94,68
27053011704,Minneapolis,Hennepin,28,100,71,23,90,94,66
27053011800,Minneapolis,Hennepin,39,100,71,23,93,85,66
27053011998,Minneapolis,Hennepin,57,100,71,43,93,85,72
27053012001,Minneapolis,Hennepin,49,100,71,15,90,94,67
27053012003,Minneapolis,Hennepin,50,100,71,15,90,94,67
27053012101,Minneapolis,Hennepin,30,100,71,21,93,85,64
27053012102,Minneapolis,Hennepin,31,100,71,33,93,85,67
27053020101,St Anthony,Hennepin,29,88,78,33,93,99,70
27053020102,St Anthony,Hennepin,41,88,78,62,93,99,77
27053020200,Minneapolis,Hennepin,36,100,71,44,90,97,71
27053020301,Minneapolis,Hennepin,32,100,71,38,90,87,68
27053020302,Minneapolis,Hennepin,34,100,71,34,90,87,67
27053020303,Minneapolis,Hennepin,29,100,71,39,90,87,67
27053020304,Minneapolis,Hennepin,53,100,71,17,90,90,67
27053020400,Minneapolis,Hennepin,29,100,71,41,90,90,68
27053020500,Minneapolis,Hennepin,24,100,71,38,90,99,69
27053020600,Minneapolis,Hennepin,17,100,71,60,90,99,72
27053020700,Minneapolis,Hennepin,4,100,71,31,90,87,62
27053020801,Crystal,Hennepin,65,82,70,58,90,98,77
27053020804,Minneapolis,Hennepin,54,100,71,51,90,98,76
27053020902,Minneapolis,Hennepin,48,100,71,33,90,90,70
27053020903,Minneapolis,Hennepin,48,100,71,40,90,98,73
27053021001,Minneapolis,Hennepin,29,100,71,29,90,90,66
27053021002,Minneapolis,Hennepin,38,100,71,57,90,90,73
27053021100,Minneapolis,Hennepin,52,100,71,64,90,91,76
27053021200,Minneapolis,Hennepin,50,100,71,27,90,91,69
27053021300,Minneapolis,Hennepin,72,100,71,64,90,91,79
27053021400,Minneapolis,Hennepin,36,100,71,36,90,91,69
27053021501,Minneapolis,Hennepin,32,100,71,51,90,87,70
27053021502,Minneapolis,Hennepin,48,100,71,62,90,98,77
27053021503,New Hope,Hennepin,14,60,80,41,90,98,67
27053021504,Minneapolis,Hennepin,37,100,71,33,90,98,70
27053021505,Minneapolis,Hennepin,34,100,71,31,90,98,69
27053021601,Minneapolis,Hennepin,10,100,71,24,90,91,63
27053021602,Minneapolis,Hennepin,27,100,71,55,90,91,71
27053021700,Minneapolis,Hennepin,15,100,71,19,90,90,62
27053021800,Golden Valley,Hennepin,10,100,80,27,90,78,62
27053021900,Minneapolis,Hennepin,25,100,71,36,86,91,66
27053022000,Minneapolis,Hennepin,58,100,71,21,86,78,65
27053022101,Minneapolis,Hennepin,48,100,71,20,86,78,64
27053022102,St Louis Park,Hennepin,21,89,76,46,86,91,68
27053022200,Minneapolis,Hennepin,10,100,71,18,86,84,59
27053022301,St Louis Park,Hennepin,22,89,76,50,86,84,68
27053022302,Minneapolis,Hennepin,46,100,71,48,86,84,70
27053022400,Minneapolis,Hennepin,45,100,71,31,86,85,67
27053022700,Minneapolis,Hennepin,50,100,71,21,86,78,64
27053022801,Minneapolis,Hennepin,25,100,71,17,86,78,60
27053022802,St Louis Park,Hennepin,67,89,76,27,86,78,68
27053022901,Minneapolis,Hennepin,80,100,71,27,86,78,70
27053022902,Minneapolis,Hennepin,48,100,71,18,86,99,68
27053023000,Minneapolis,Hennepin,17,100,71,16,86,85,60
27053023100,Minneapolis,Hennepin,63,100,71,8,86,99,68
27053023200,Hopkins,Hennepin,9,92,73,31,86,84,62
27053023300,Hopkins,Hennepin,84,92,73,36,86,98,76
27053023400,Hopkins,Hennepin,41,92,73,40,86,98,71
27053023501,Minneapolis,Hennepin,2,100,71,35,86,99,64
27053023502,Minneapolis,Hennepin,3,100,71,15,86,99,61
27053023600,Edina,Hennepin,59,79,87,16,86,99,71
27053023700,Minneapolis,Hennepin,25,100,71,17,90,99,65
27053023801,Minneapolis,Hennepin,40,100,71,10,90,99,66
27053023802,Edina,Hennepin,23,79,87,14,90,99,66
27053023901,Edina,Hennepin,38,79,87,25,90,99,70
27053023902,Minneapolis,Hennepin,5,100,71,16,90,99,62
27053023903,Edina,Hennepin,35,79,87,33,90,90,70
27053024003,Edina,Hennepin,23,79,87,23,90,90,66
27053024004,Minneapolis,Hennepin,68,100,71,93,90,90,84
27053024005,Edina,Hennepin,86,79,87,52,90,90,81
27053024006,Edina,Hennepin,17,79,87,27,90,90,66
27053024100,Minneapolis,Hennepin,72,100,71,32,90,94,73
27053024200,Minneapolis,Hennepin,54,100,71,12,90,90,66
27053024300,Minneapolis,Hennepin,36,100,71,28,90,90,67
27053024400,Minneapolis,Hennepin,75,100,71,59,90,94,79
27053024500,Minneapolis,Hennepin,43,100,71,42,90,94,71
27053024600,Minneapolis,Hennepin,55,100,71,43,90,91,73
27053024700,Minneapolis,Hennepin,53,100,71,24,90,94,69
27053024801,Richfield,Hennepin,48,100,76,33,90,94,71
27053024802,Richfield,Hennepin,62,100,76,30,90,94,73
27053024901,Richfield,Hennepin,61,100,76,23,90,94,71
27053024902,Richfield,Hennepin,50,100,76,23,90,94,70
27053024903,Minneapolis,Hennepin,25,100,71,33,90,94,67
27053025100,Bloomington,Hennepin,20,100,63,20,0,82,42
27053025201,Bloomington,Hennepin,27,100,63,54,90,82,68
27053025205,Minneapolis,Hennepin,31,100,71,37,90,82,66
27053025301,Bloomington,Hennepin,8,100,63,54,0,82,47
27053025302,Bloomington,Hennepin,48,100,63,46,87,76,67
27053025401,Bloomington,Hennepin,44,100,63,45,90,91,70
27053025403,Minneapolis,Hennepin,38,100,71,37,90,82,67
27053025601,Minneapolis,Hennepin,37,100,71,49,90,91,71
27053025603,Minneapolis,Hennepin,21,100,71,36,90,91,67
27053025605,Minneapolis,Hennepin,28,100,71,37,90,90,68
27053025701,Minneapolis,Hennepin,34,100,71,28,90,86,66
27053025702,Minneapolis,Hennepin,11,100,71,52,90,99,70
27053025801,Bloomington,Hennepin,17,100,63,26,87,76,59
27053025802,Minneapolis,Hennepin,13,100,71,22,87,96,63
27053025803,Minneapolis,Hennepin,47,100,71,44,87,96,72
27053025805,Bloomington,Hennepin,4,100,63,42,87,96,64
27053025903,Minneapolis,Hennepin,24,100,71,25,90,86,64
27053025905,Minneapolis,Hennepin,3,100,71,36,90,86,63
27053025906,Minneapolis,Hennepin,1,100,71,26,90,86,61
27053025907,Minneapolis,Hennepin,12,100,71,24,0,86,44
27053026005,Eden Prairie,Hennepin,8,40,87,15,0,99,44
27053026006,Eden Prairie,Hennepin,3,40,87,13,0,99,43
27053026007,Eden Prairie,Hennepin,11,40,87,21,90,98,63
27053026013,Eden Prairie,Hennepin,0,40,87,23,0,99,44
27053026014,Eden Prairie,Hennepin,22,40,87,10,0,99,45
27053026015,Eden Prairie,Hennepin,1,40,87,23,0,99,44
27053026016,Eden Prairie,Hennepin,1,40,87,14,0,86,40
27053026018,Eden Prairie,Hennepin,2,40,87,17,78,99,59
27053026019,Eden Prairie,Hennepin,36,40,87,11,0,99,47
27053026020,Eden Prairie,Hennepin,14,40,87,33,90,86,64
27053026021,Eden Prairie,Hennepin,4,40,87,11,0,99,42
27053026022,Eden Prairie,Hennepin,1,40,87,5,78,99,56
27053026101,Hopkins,Hennepin,14,92,73,25,86,98,64
27053026103,Hopkins,Hennepin,17,92,73,21,86,98,64
27053026104,Hopkins,Hennepin,48,92,73,26,86,98,69
27053026201,Minnetonka,Hennepin,31,88,84,28,0,99,52
27053026202,Minnetonka,Hennepin,14,88,84,38,0,98,51
27053026205,Minnetonka,Hennepin,5,88,84,18,0,99,46
27053026206,Minnetonka,Hennepin,19,88,84,39,0,98,52
27053026207,Minnetonka,Hennepin,13,88,84,29,0,99,50
27053026208,Minnetonka,Hennepin,28,88,84,21,0,99,50
27053026301,Wayzata,Hennepin,10,61,70,18,0,94,41
27053026302,Minnetonka,Hennepin,26,88,84,14,0,94,47
27053026402,Minnetonka,Hennepin,22,88,84,28,86,84,65
27053026403,Hopkins,Hennepin,22,92,73,47,86,94,69
27053026404,Hopkins,Hennepin,3,92,73,22,86,94,61
27053026505,Minneapolis,Hennepin,22,100,71,21,0,94,46
27053026507,Minneapolis,Hennepin,13,100,71,34,0,94,48
27053026508,Minneapolis,Hennepin,0,100,71,23,0,98,44
27053026509,Minneapolis,Hennepin,15,100,71,16,0,98,45
27053026510,Plymouth,Hennepin,7,60,85,19,90,98,63
27053026511,Plymouth,Hennepin,30,60,85,9,90,98,64
27053026512,Minneapolis,Hennepin,14,100,71,32,90,98,66
27053026514,Plymouth,Hennepin,33,60,85,30,0,94,50
27053026605,Plymouth,Hennepin,3,60,85,26,0,94,45
27053026606,Minneapolis,Hennepin,8,100,71,30,0,94,46
27053026609,Plymouth,Hennepin,8,60,85,18,0,94,44
27053026610,Minneapolis,Hennepin,39,100,71,26,0,94,50
27053026611,Plymouth,Hennepin,8,60,85,33,0,94,47
27053026612,Plymouth,Hennepin,3,60,85,6,0,98,42
27053026613,Plymouth,Hennepin,14,60,85,17,0,0,26
27053026702,Osseo,Hennepin,68,56,89,48,90,87,76
27053026706,Maple Grove,Hennepin,1,44,82,20,91,80,57
27053026707,Maple Grove,Hennepin,0,44,82,13,90,80,56
27053026708,Maple Grove,Hennepin,26,44,82,14,90,0,43
27053026710,Maple Grove,Hennepin,11,44,82,10,90,87,58
27053026711,Maple Grove,Hennepin,12,44,82,8,90,87,58
27053026712,Maple Grove,Hennepin,14,44,82,25,90,87,61
27053026713,Maple Grove,Hennepin,4,44,82,22,90,87,59
27053026714,Osseo,Hennepin,28,56,89,17,90,99,66
27053026715,Maple Grove,Hennepin,7,44,82,7,90,0,39
27053026716,Maple Grove,Hennepin,1,44,82,10,90,0,39
27053026807,Minneapolis,Hennepin,19,100,71,50,0,87,50
27053026809,Brooklyn Park,Hennepin,23,92,62,24,90,87,61
27053026810,Brooklyn Park,Hennepin,39,92,62,41,90,87,67
27053026811,Minneapolis,Hennepin,12,100,71,19,90,87,61
27053026812,Minneapolis,Hennepin,0,100,71,25,91,89,61
27053026814,Minneapolis,Hennepin,13,100,71,30,90,97,65
27053026815,Minneapolis,Hennepin,8,100,71,27,90,97,64
27053026816,Brooklyn Park,Hennepin,15,92,62,12,0,87,40
27053026818,Brooklyn Park,Hennepin,26,92,62,49,0,87,49
27053026819,Brooklyn Park,Hennepin,40,92,62,36,0,87,48
27053026820,Minneapolis,Hennepin,13,100,71,18,91,89,62
27053026822,Minneapolis,Hennepin,20,100,71,29,90,96,66
27053026823,Minneapolis,Hennepin,12,100,71,14,90,87,60
27053026903,Champlin,Hennepin,2,53,84,37,91,89,64
27053026906,Champlin,Hennepin,14,53,84,19,91,89,62
27053026907,Champlin,Hennepin,1,53,84,9,91,80,56
27053026908,Champlin,Hennepin,18,53,84,13,91,80,59
27053026909,Rogers,Hennepin,0,0,76,17,0,99,38
27053026910,Dayton,Hennepin,0,1,85,17,90,99,58
27053027001,Loretto,Hennepin,1,0,68,27,0,0,19
27053027002,Independence,Hennepin,0,0,68,16,0,86,34
27053027101,Medina,Hennepin,0,0,78,11,0,86,35
27053027102,Corcoran,Hennepin,0,0,89,15,0,0,21
27053027201,Long Lake,Hennepin,1,40,68,19,0,86,37
27053027202,Long Lake,Hennepin,30,40,68,35,0,86,44
27053027203,Wayzata,Hennepin,0,61,70,28,0,99,43
27053027300,Wayzata,Hennepin,56,61,70,42,0,94,53
27053027400,Wayzata,Hennepin,18,61,70,12,0,99,42
27053027501,Excelsior,Hennepin,9,41,68,24,0,99,42
27053027503,Excelsior,Hennepin,1,41,68,18,0,99,40
27053027504,Excelsior,Hennepin,18,41,68,7,0,99,40
27053027601,Mound,Hennepin,25,43,68,30,0,92,44
27053027602,Mound,Hennepin,9,43,68,31,0,92,42
27053027700,Maple Plain,Hennepin,4,0,68,22,0,92,37
27053100200,Minneapolis,Hennepin,50,100,71,62,90,90,76
27053100400,Minneapolis,Hennepin,61,100,71,44,90,92,74
27053100500,Minneapolis,Hennepin,24,100,71,58,90,99,73
27053100700,Minneapolis,Hennepin,50,100,71,26,90,91,69
27053100800,Minneapolis,Hennepin,59,100,71,36,90,90,72
27053100900,Minneapolis,Hennepin,52,100,71,48,90,92,73
27053101200,Minneapolis,Hennepin,62,100,71,26,89,99,72
27053101300,Minneapolis,Hennepin,65,100,71,57,90,91,77
27053101600,Minneapolis,Hennepin,56,100,71,90,90,83,81
27053101800,Minneapolis,Hennepin,71,100,71,33,89,83,71
27053101900,Minneapolis,Hennepin,80,100,71,48,89,99,79
27053102000,Minneapolis,Hennepin,50,100,71,40,90,91,71
27053102100,Minneapolis,Hennepin,67,100,71,32,90,90,72
27053102300,Minneapolis,Hennepin,63,100,71,83,89,83,80
27053102500,Minneapolis,Hennepin,68,100,71,34,89,83,71
27053102600,Minneapolis,Hennepin,56,100,71,23,93,99,71
27053102800,Minneapolis,Hennepin,59,100,71,59,90,83,75
27053102900,Minneapolis,Hennepin,73,100,71,69,90,83,79
27053103000,Minneapolis,Hennepin,72,100,71,40,89,83,73
27053103100,Minneapolis,Hennepin,70,100,71,46,89,83,74
27053103400,Minneapolis,Hennepin,68,100,71,52,89,83,75
27053103600,Minneapolis,Hennepin,88,100,71,17,89,83,70
27053103700,Minneapolis,Hennepin,89,100,71,26,89,83,72
27053103900,Minneapolis,Hennepin,89,100,71,5,93,83,69
27053104000,Minneapolis,Hennepin,68,100,71,10,93,99,70
27053104100,Minneapolis,Hennepin,68,100,71,55,89,81,75
27053104400,Minneapolis,Hennepin,98,100,71,61,89,81,80
27053104800,Minneapolis,Hennepin,81,100,71,37,93,99,77
27053104900,Minneapolis,Hennepin,74,100,71,12,93,99,71
27053105100,Minneapolis,Hennepin,49,100,71,22,89,78,65
27053105201,Minneapolis,Hennepin,88,100,71,51,89,81,77
27053105204,Minneapolis,Hennepin,91,100,71,78,89,81,83
27053105400,Minneapolis,Hennepin,83,100,71,33,89,99,76
27053105500,Minneapolis,Hennepin,44,100,71,22,43,81,56
27053105600,Minneapolis,Hennepin,73,100,71,35,43,81,62
27053105700,Minneapolis,Hennepin,90,100,71,62,43,81,70
27053106000,Minneapolis,Hennepin,85,100,71,56,43,99,72
27053106200,Minneapolis,Hennepin,86,100,71,42,93,99,79
27053106400,Minneapolis,Hennepin,73,100,71,59,93,99,81
27053106500,Minneapolis,Hennepin,41,100,71,10,43,78,52
27053106600,Minneapolis,Hennepin,87,100,71,21,43,81,61
27053106700,Minneapolis,Hennepin,93,100,71,15,43,81,61
27053106900,Minneapolis,Hennepin,89,100,71,32,43,81,64
27053107000,Minneapolis,Hennepin,86,100,71,17,43,81,60
27053107400,Minneapolis,Hennepin,80,100,71,38,93,99,77
27053107500,Minneapolis,Hennepin,76,100,71,21,93,99,73
27053107600,Minneapolis,Hennepin,64,100,71,16,93,83,68
27053108000,Minneapolis,Hennepin,84,100,71,20,93,81,71
27053108600,Minneapolis,Hennepin,74,100,71,26,93,90,72
27053108700,Minneapolis,Hennepin,65,100,71,37,93,90,73
27053108800,Minneapolis,Hennepin,78,100,71,49,93,90,78
27053108900,Minneapolis,Hennepin,63,100,71,37,93,90,73
27053109000,Minneapolis,Hennepin,54,100,71,25,93,83,68
27053109100,Minneapolis,Hennepin,22,100,71,24,86,78,61
27053109200,Minneapolis,Hennepin,78,100,71,22,93,81,70
27053109300,Minneapolis,Hennepin,80,100,71,25,93,81,71
27053109400,Minneapolis,Hennepin,77,100,71,32,93,90,74
27053109700,Minneapolis,Hennepin,65,100,71,26,93,90,71
27053109800,Minneapolis,Hennepin,69,100,71,14,86,78,65
27053109900,Minneapolis,Hennepin,27,100,71,30,93,81,65
27053110000,Minneapolis,Hennepin,65,100,71,33,93,90,72
27053110100,Minneapolis,Hennepin,68,100,71,17,93,90,70
27053110200,Minneapolis,Hennepin,71,100,71,26,93,90,72
27053110400,Minneapolis,Hennepin,70,100,71,36,93,85,73
27053110500,Minneapolis,Hennepin,41,100,71,26,93,85,67
27053110800,Minneapolis,Hennepin,75,100,71,31,93,90,74
27053110900,Minneapolis,Hennepin,48,100,71,46,93,90,73
27053111100,Minneapolis,Hennepin,16,100,71,33,93,90,66
27053111200,Minneapolis,Hennepin,87,100,71,15,90,99,73
27053111300,Minneapolis,Hennepin,56,100,71,20,90,94,69
27053111400,Minneapolis,Hennepin,68,100,71,10,90,94,69
27053111500,Minneapolis,Hennepin,59,100,71,13,90,94,68
27053111600,Minneapolis,Hennepin,43,100,71,17,93,94,67
27053122500,St Louis Park,Hennepin,35,89,76,31,86,85,66
27053122600,Minneapolis,Hennepin,46,100,71,13,86,85,63
27053125500,Minneapolis,Hennepin,53,100,71,42,90,91,72
27053125600,Minneapolis,Hennepin,69,100,71,17,93,99,72
27053125700,Minneapolis,Hennepin,60,100,71,35,90,90,72
27053125800,Minneapolis,Hennepin,84,100,71,29,93,81,73
27053125900,Minneapolis,Hennepin,76,100,71,23,89,90,71
27053126000,Minneapolis,Hennepin,83,100,71,76,93,81,82
27053126100,Minneapolis,Hennepin,89,100,71,22,89,83,71
27053126200,Minneapolis,Hennepin,79,100,71,17,89,83,69
27053980000,Minneapolis,Hennepin,21,100,71,54,0,85,51
27055020100,La Crescent,Houston,0,0,68,21,0,92,36
27055020200,Hokah,Houston,0,0,69,30,0,0,20
27055020300,Houston,Houston,0,0,77,35,0,100,42
27055020500,Caledonia,Houston,29,0,62,54,0,0,27
27055020900,Caledonia,Houston,0,0,62,42,0,0,21
27057070100,Laporte,Hubbard,0,0,73,28,0,0,20
27057070200,Park Rapids,Hubbard,0,0,27,47,0,0,15
27057070300,Laporte,Hubbard,0,0,73,41,0,0,23
27057070400,Nevis,Hubbard,0,0,73,44,0,0,23
27057070500,Menahga,Hubbard,0,0,73,42,0,0,23
27057070600,Park Rapids,Hubbard,70,0,27,68,52,0,39
27057070700,Nevis,Hubbard,0,0,73,43,0,0,23
27059130100,Dalbo,Isanti,2,0,87,30,0,0,24
27059130200,Stanchfield,Isanti,0,0,87,39,0,0,25
27059130301,Cambridge,Isanti,8,0,55,37,85,0,37
27059130302,Cambridge,Isanti,2,0,55,60,85,0,40
27059130400,North Branch,Isanti,9,0,77,35,0,0,24
27059130501,Isanti,Isanti,0,0,84,32,0,0,23
27059130502,Isanti,Isanti,37,0,84,25,85,0,44
27059130600,Zimmerman,Isanti,0,0,87,44,0,0,26
27061480100,Wirt,Itasca,0,0,79,57,0,0,27
27061480300,Deer River,Itasca,0,0,79,48,0,0,25
27061480400,Cook,Itasca,0,0,79,49,0,0,26
27061480500,Nashwauk,Itasca,0,0,79,49,0,0,26
27061480600,Warba,Itasca,0,0,79,53,0,0,26
27061480700,Grand Rapids,Itasca,0,0,40,33,0,0,15
27061480801,Grand Rapids,Itasca,0,0,40,44,63,0,29
27061480802,Grand Rapids,Itasca,21,0,40,67,63,0,37
27061480900,Grand Rapids,Itasca,0,0,40,45,63,0,30
27061481000,Pengilly,Itasca,0,0,79,57,0,0,27
27061940000,Squaw Lake,Itasca,0,0,79,39,0,0,24
27063480100,Jackson,Jackson,0,0,89,26,0,0,23
27063480200,Okabena,Jackson,0,0,89,37,0,0,25
27063480300,Lakefield,Jackson,3,0,90,30,0,0,24
27063480400,Jackson,Jackson,50,0,89,37,48,0,42
27065480100,Mora,Kanabec,0,0,79,40,0,0,24
27065480200,Ogilvie,Kanabec,0,0,79,48,0,0,25
27065480300,Mora,Kanabec,10,0,79,53,53,0,38
27065480400,Mora,Kanabec,0,0,79,38,0,0,23
27067770900,Willmar,Kandiyohi,58,0,70,39,70,71,58
27067780100,New London,Kandiyohi,0,0,87,39,0,0,25
27067780200,Pennock,Kandiyohi,0,0,87,27,0,0,23
27067780300,New London,Kandiyohi,3,0,87,32,0,0,24
27067780400,Kandiyohi,Kandiyohi,1,0,87,33,0,0,24
27067780500,Willmar,Kandiyohi,0,0,70,44,70,97,56
27067780600,Pennock,Kandiyohi,0,0,87,23,70,0,36
27067780700,Willmar,Kandiyohi,1,0,70,43,70,71,51
27067780800,Willmar,Kandiyohi,76,0,70,41,70,71,61
27067781000,Willmar,Kandiyohi,14,0,70,52,70,71,55
27067781100,Lake Lillian,Kandiyohi,0,0,87,31,0,0,24
27067781200,Raymond,Kandiyohi,0,0,87,31,0,0,24
27069090100,Lake Bronson,Kittson,0,0,84,59,0,0,29
27069090200,Hallock,Kittson,0,0,84,43,49,0,35
27071790100,International Falls,Koochiching,18,0,59,59,52,0,37
27071790200,International Falls,Koochiching,1,0,59,59,52,0,34
27071790300,Littlefork,Koochiching,0,0,77,47,0,0,25
27071790500,Margie,Koochiching,0,0,77,53,0,0,26
27073180100,Madison,Lac Qui Parle,0,0,93,44,0,0,27
27073180200,Madison,Lac Qui Parle,3,0,93,53,0,0,30
27073180300,Dawson,Lac Qui Parle,0,0,93,39,0,0,26
27075370100,Isabella,Lake,0,0,94,36,0,0,26
27075370300,Silver Bay,Lake,0,0,94,52,0,0,29
27075370400,Two Harbors,Lake,26,0,83,47,48,0,39
27075990100,Two Harbors,Lake,0,0,83,0,0,0,17
27077460300,Baudette,Lake of the Woods,2,0,91,65,0,0,31
27077460400,Williams,Lake of the Woods,0,0,91,46,0,0,27
27079950100,Le Center,Le Sueur,0,0,96,23,0,0,24
27079950200,Le Sueur,Le Sueur,0,0,74,35,43,85,47
27079950300,Montgomery,Le Sueur,0,0,82,29,0,0,22
27079950400,Waterville,Le Sueur,0,0,96,42,0,77,43
27079950500,Le Center,Le Sueur,1,0,96,28,0,0,25
27079950600,St Peter,Le Sueur,0,0,81,26,48,0,31
27081201001,Ivanhoe,Lincoln,0,0,90,38,0,0,26
27081201002,Lake Benton,Lincoln,9,0,90,48,0,0,29
27083360100,Minneota,Lyon,0,0,92,36,0,0,26
27083360200,Marshall,Lyon,0,0,69,20,51,93,47
27083360300,Marshall,Lyon,2,0,69,30,51,93,49
27083360400,Marshall,Lyon,12,0,69,44,51,95,53
27083360500,Marshall,Lyon,1,0,69,31,51,95,49
27083360600,Balaton,Lyon,0,0,92,28,0,0,24
27083360700,Tracy,Lyon,10,0,94,61,49,0,42
27085950100,Silver Lake,McLeod,0,0,79,33,0,0,22
27085950200,Hutchinson,McLeod,0,0,78,28,0,0,21
27085950300,Hutchinson,McLeod,0,0,78,44,75,0,39
27085950400,Hutchinson,McLeod,29,0,78,31,75,0,41
27085950500,Brownton,McLeod,0,0,94,37,0,0,26
27085950600,Glencoe,McLeod,0,0,81,29,53,0,33
27085950700,Glencoe,McLeod,40,0,81,28,53,0,38
27087940100,Mahnomen,Mahnomen,0,0,41,47,43,0,26
27087940300,Mahnomen,Mahnomen,0,0,41,41,0,0,16
27089080100,Middle River,Marshall,0,0,69,41,0,0,22
27089080200,Newfolden,Marshall,0,0,69,33,0,0,20
27089080300,Stephen,Marshall,0,0,69,47,0,0,23
27089080400,Warren,Marshall,0,0,69,37,43,0,30
27091790100,Truman,Martin,0,0,95,43,0,0,28
27091790200,Fairmont,Martin,0,0,53,31,0,0,17
27091790300,Fairmont,Martin,0,0,53,36,0,0,18
27091790400,Ceylon,Martin,0,0,95,35,0,0,26
27091790500,Fairmont,Martin,0,0,53,57,83,0,39
27091790600,Fairmont,Martin,13,0,53,42,83,0,37
27093560100,Dassel,Meeker,0,0,85,34,0,0,24
27093560200,Darwin,Meeker,0,0,85,28,54,0,33
27093560300,Litchfield,Meeker,41,0,78,39,54,0,40
27093560400,Litchfield,Meeker,13,0,78,44,54,0,37
27093560500,Litchfield,Meeker,0,0,78,30,54,0,32
27093560600,Grove City,Meeker,0,0,85,36,0,0,24
27095170400,Milaca,Mille Lacs,0,0,75,26,0,0,20
27095170500,Milaca,Mille Lacs,0,0,75,47,0,0,24
27095170600,Princeton,Mille Lacs,0,0,75,40,88,0,41
27095170700,Princeton,Mille Lacs,5,0,75,59,88,0,45
27095970100,Isle,Mille Lacs,0,0,26,55,0,0,16
27095970200,Onamia,Mille Lacs,2,0,26,53,0,0,16
27095970300,Onamia,Mille Lacs,0,0,26,47,0,0,15
27097780100,Cushing,Morrison,0,0,89,35,0,0,25
27097780200,Randall,Morrison,4,0,89,36,0,100,46
27097780300,Little Falls,Morrison,0,0,73,32,0,0,21
27097780400,Hillman,Morrison,0,0,89,38,0,0,25
27097780500,Pierz,Morrison,0,0,89,38,0,0,25
27097780600,Little Falls,Morrison,26,0,73,61,53,96,60
27097780700,Little Falls,Morrison,20,0,73,57,53,96,59
27097780800,Bowlus,Morrison,0,0,89,28,0,0,23
27099000100,Austin,Mower,2,0,59,42,0,94,39
27099000200,Austin,Mower,30,0,59,45,0,94,44
27099000300,Austin,Mower,51,0,59,29,0,94,44
27099000410,Austin,Mower,34,0,59,70,0,94,49
27099000600,Austin,Mower,22,0,59,39,0,94,41
27099000800,Austin,Mower,44,0,59,32,0,94,43
27099000900,Austin,Mower,0,0,59,40,0,94,39
27099001000,Austin,Mower,0,0,59,38,0,0,19
27099001200,Brownsdale,Mower,0,0,78,30,0,91,40
27099001300,Adams,Mower,0,0,78,34,0,0,22
27099001400,Grand Meadow,Mower,40,0,78,26,0,0,26
27101900100,Slayton,Murray,1,0,73,32,0,0,21
27101900200,Slayton,Murray,3,0,73,42,0,0,23
27101900300,Avoca,Murray,0,0,90,51,0,0,28
27103480100,New Ulm,Nicollet,0,0,72,24,57,89,48
27103480200,St Peter,Nicollet,2,0,81,30,0,0,22
27103480300,St Peter,Nicollet,21,0,81,29,48,0,35
27103480400,St Peter,Nicollet,3,0,81,26,48,0,31
27103480501,North Mankato,Nicollet,25,0,70,37,88,95,62
27103480502,North Mankato,Nicollet,11,0,70,24,88,95,57
27103480600,North Mankato,Nicollet,37,0,70,22,88,96,60
27105105100,Worthington,Nobles,0,0,83,26,0,0,22
27105105200,Adrian,Nobles,0,0,93,27,0,0,24
27105105300,Rushmore,Nobles,0,0,93,36,0,0,26
27105105400,Worthington,Nobles,0,0,83,41,62,93,56
27105105500,Worthington,Nobles,0,0,83,33,62,99,55
27105105600,Worthington,Nobles,7,0,83,34,62,83,53
27107960100,Gary,Norman,0,0,91,32,0,89,42
27107960200,Halstad,Norman,0,0,91,43,0,0,27
27107960300,Ada,Norman,0,0,91,35,43,0,34
27109000100,Rochester,Olmsted,95,0,78,100,85,96,85
27109000200,Rochester,Olmsted,30,0,78,39,64,99,60
27109000300,Rochester,Olmsted,68,0,78,25,85,96,66
27109000400,Rochester,Olmsted,51,0,78,35,100,96,69
27109000500,Rochester,Olmsted,84,0,78,31,100,83,70
27109000600,Rochester,Olmsted,60,0,78,39,85,83,65
27109000901,Rochester,Olmsted,1,0,78,22,64,99,53
27109000902,Rochester,Olmsted,0,0,78,37,64,99,56
27109000903,Rochester,Olmsted,11,0,78,28,64,99,55
27109001000,Rochester,Olmsted,22,0,78,22,64,99,56
27109001100,Rochester,Olmsted,23,0,78,30,100,96,64
27109001201,Rochester,Olmsted,15,0,78,16,100,96,60
27109001202,Rochester,Olmsted,1,0,78,13,100,99,58
27109001203,Rochester,Olmsted,1,0,78,18,100,96,59
27109001301,Rochester,Olmsted,16,0,78,27,100,96,62
27109001302,Rochester,Olmsted,1,0,78,33,100,10,44
27109001401,Rochester,Olmsted,17,0,78,25,100,75,58
27109001402,Rochester,Olmsted,8,0,78,10,100,10,41
27109001501,Rochester,Olmsted,31,0,78,16,100,75,58
27109001502,Rochester,Olmsted,27,0,78,31,100,96,65
27109001503,Rochester,Olmsted,21,0,78,22,85,75,55
27109001601,Rochester,Olmsted,23,0,78,34,85,83,59
27109001602,Rochester,Olmsted,14,0,78,17,64,83,50
27109001603,Rochester,Olmsted,0,0,78,21,64,99,52
27109001701,Rochester,Olmsted,37,0,78,30,100,99,67
27109001702,Rochester,Olmsted,19,0,78,25,85,99,60
27109001703,Rochester,Olmsted,0,0,78,24,85,99,57
27109001800,Byron,Olmsted,16,0,90,15,0,0,23
27109001900,Oronoco,Olmsted,0,0,90,19,0,99,42
27109002000,Dover,Olmsted,0,0,90,21,0,0,22
27109002100,Stewartville,Olmsted,36,0,90,18,0,0,27
27109002200,Rochester,Olmsted,0,0,78,20,0,0,20
27109002300,Rochester,Olmsted,0,0,78,16,64,99,51
27111960102,Perham,Otter Tail,0,0,93,36,0,0,26
27111960103,Pelican Rapids,Otter Tail,0,0,93,31,0,0,25
27111960300,Pelican Rapids,Otter Tail,0,0,93,41,0,0,27
27111960400,Dent,Otter Tail,0,0,93,50,0,0,29
27111960500,New York Mills,Otter Tail,0,0,93,46,0,88,45
27111960600,New York Mills,Otter Tail,0,0,93,42,0,88,45
27111960700,Dent,Otter Tail,0,0,93,34,0,0,25
27111960800,Fergus Falls,Otter Tail,0,0,44,27,0,0,14
27111960900,Fergus Falls,Otter Tail,24,0,44,53,83,0,39
27111961000,Fergus Falls,Otter Tail,2,0,44,54,83,0,36
27111961100,Fergus Falls,Otter Tail,0,0,44,42,83,0,34
27111961200,Underwood,Otter Tail,0,0,93,46,0,0,28
27111961300,Henning,Otter Tail,0,0,93,49,0,89,46
27111961400,Ottertail,Otter Tail,0,0,93,44,0,0,27
27111961500,Parkers Prairie,Otter Tail,0,0,93,42,0,0,27
27111961600,Battle Lake,Otter Tail,0,0,93,44,0,0,27
27111961700,Fergus Falls,Otter Tail,0,0,44,30,83,0,31
27113090100,Goodridge,Pennington,0,0,89,33,0,0,24
27113090200,Thief River Falls,Pennington,1,0,65,42,53,0,32
27113090300,Thief River Falls,Pennington,0,0,65,39,0,0,21
27113090400,Thief River Falls,Pennington,4,0,65,40,53,0,32
27113090500,Thief River Falls,Pennington,7,0,65,39,53,0,32
27115950100,Bruno,Pine,0,0,64,48,0,0,22
27115950200,Willow River,Pine,0,0,64,40,0,0,21
27115950300,Askov,Pine,0,0,64,47,0,0,22
27115950400,Hinckley,Pine,0,0,64,64,0,0,26
27115950500,Hinckley,Pine,0,0,64,51,0,97,42
27115950600,Pine City,Pine,0,0,64,39,0,0,21
27115950700,Pine City,Pine,1,0,64,67,0,0,26
27115950800,Grasston,Pine,3,0,64,43,0,0,22
27117460100,Pipestone,Pipestone,0,0,87,32,0,0,24
27117460200,Pipestone,Pipestone,39,0,87,56,53,0,45
27117460300,Pipestone,Pipestone,30,0,87,44,53,0,41
27117460400,Pipestone,Pipestone,0,0,87,37,53,0,35
27117460500,Edgerton,Pipestone,0,0,87,31,0,0,24
27119020100,East Grand Forks,Polk,24,0,53,30,0,88,38
27119020200,East Grand Forks,Polk,4,0,53,72,0,88,43
27119020300,East Grand Forks,Polk,0,0,53,27,0,88,34
27119020400,Euclid,Polk,0,0,74,31,0,0,21
27119020500,Crookston,Polk,0,0,80,30,0,0,22
27119020600,Crookston,Polk,51,0,80,52,52,88,62
27119020700,Crookston,Polk,7,0,80,42,52,88,53
27119020800,Fertile,Polk,0,0,74,36,0,0,22
27119020900,Erskine,Polk,0,0,74,40,0,0,23
27119021000,Fosston,Polk,0,0,74,47,0,0,24
27121970100,Glenwood,Pope,0,0,85,32,0,0,23
27121970200,Lowry,Pope,0,0,90,56,0,0,29
27121970300,Starbuck,Pope,0,0,90,28,0,0,24
27121970400,Long Beach,Pope,7,0,90,44,52,0,38
27123030100,St Paul,Ramsey,76,100,79,12,93,99,73
27123030201,St Paul,Ramsey,47,100,79,19,90,99,70
27123030202,St Paul,Ramsey,33,100,79,7,90,99,66
27123030300,St Paul,Ramsey,21,100,79,22,89,99,67
27123030400,St Paul,Ramsey,34,100,79,35,89,96,71
27123030500,St Paul,Ramsey,29,100,79,46,89,98,72
27123030601,St Paul,Ramsey,36,100,79,24,89,98,69
27123030602,St Paul,Ramsey,9,100,79,34,89,87,65
27123030702,St Paul,Ramsey,25,100,79,20,90,87,65
27123030703,St Paul,Ramsey,50,100,79,41,90,87,72
27123030704,St Paul,Ramsey,57,100,79,38,90,87,73
27123030800,St Paul,Ramsey,55,100,79,34,89,96,73
27123030900,St Paul,Ramsey,61,100,79,32,89,98,74
27123031000,St Paul,Ramsey,81,100,79,32,89,98,77
27123031100,St Paul,Ramsey,71,100,79,34,89,87,74
27123031200,St Paul,Ramsey,42,100,79,34,89,96,71
27123031300,St Paul,Ramsey,57,100,79,63,89,96,79
27123031400,St Paul,Ramsey,52,100,79,48,89,98,76
27123031500,St Paul,Ramsey,76,100,79,40,89,98,78
27123031600,St Paul,Ramsey,57,100,79,46,89,87,74
27123031701,St Paul,Ramsey,52,100,79,42,89,87,73
27123031702,St Paul,Ramsey,36,100,79,38,89,87,70
27123031801,St Paul,Ramsey,44,100,79,30,89,87,69
27123031802,St Paul,Ramsey,24,100,79,33,89,87,67
27123031900,St Paul,Ramsey,39,100,79,37,93,83,70
27123032000,St Paul,Ramsey,75,100,79,27,93,83,73
27123032100,St Paul,Ramsey,85,100,79,27,90,83,74
27123032200,St Paul,Ramsey,77,100,79,48,90,69,74
27123032300,St Paul,Ramsey,56,100,79,37,90,69,69
27123032400,St Paul,Ramsey,58,100,79,46,90,96,76
27123032500,St Paul,Ramsey,72,100,79,40,90,96,77
27123032600,St Paul,Ramsey,69,100,79,43,89,96,77
27123032700,St Paul,Ramsey,80,100,79,37,89,96,77
27123033000,St Paul,Ramsey,65,100,79,85,89,98,85
27123033100,St Paul,Ramsey,74,100,79,72,89,98,84
27123033200,St Paul,Ramsey,52,100,79,43,93,83,73
27123033300,St Paul,Ramsey,59,100,79,32,93,83,72
27123033400,St Paul,Ramsey,81,100,79,49,90,69,75
27123033500,St Paul,Ramsey,74,100,79,37,90,96,77
27123033600,St Paul,Ramsey,80,100,79,52,90,96,81
27123033700,St Paul,Ramsey,78,100,79,100,89,81,87
27123033800,St Paul,Ramsey,63,100,79,49,90,69,72
27123033900,St Paul,Ramsey,77,100,79,39,90,99,78
27123034000,St Paul,Ramsey,81,100,79,51,90,81,78
27123034201,St Paul,Ramsey,94,100,79,29,89,98,78
27123034202,St Paul,Ramsey,95,100,79,78,89,98,88
27123034400,St Paul,Ramsey,27,100,79,51,89,98,73
27123034500,St Paul,Ramsey,55,100,79,37,89,98,74
27123034601,St Paul,Ramsey,58,100,79,77,89,98,83
27123034602,St Paul,Ramsey,32,100,79,23,89,87,66
27123034701,St Paul,Ramsey,51,100,79,27,89,87,70
27123034702,St Paul,Ramsey,42,100,79,44,89,87,72
27123034900,St Paul,Ramsey,70,100,79,7,93,83,68
27123035000,St Paul,Ramsey,74,100,79,12,90,83,69
27123035100,St Paul,Ramsey,81,100,79,18,90,83,71
27123035200,St Paul,Ramsey,78,100,79,20,90,69,69
27123035300,St Paul,Ramsey,76,100,79,24,90,69,69
27123035500,St Paul,Ramsey,78,100,79,43,90,81,76
27123035700,St Paul,Ramsey,76,100,79,7,90,99,72
27123035800,St Paul,Ramsey,73,100,79,28,90,81,72
27123035900,St Paul,Ramsey,75,100,79,70,90,81,80
27123036000,St Paul,Ramsey,10,100,79,40,90,81,65
27123036100,St Paul,Ramsey,3,100,79,65,89,97,72
27123036300,St Paul,Ramsey,46,100,79,14,90,85,66
27123036400,St Paul,Ramsey,61,100,79,13,90,85,68
27123036500,St Paul,Ramsey,77,100,79,30,90,69,70
27123036600,St Paul,Ramsey,56,100,79,34,90,99,74
27123036700,St Paul,Ramsey,56,100,79,47,90,99,77
27123036800,St Paul,Ramsey,74,100,79,36,90,99,77
27123036900,St Paul,Ramsey,68,100,79,76,90,81,81
27123037000,St Paul,Ramsey,17,100,79,21,90,97,66
27123037100,St Paul,Ramsey,46,100,79,37,90,97,73
27123037200,St Paul,Ramsey,51,100,79,48,90,97,76
27123037402,St Paul,Ramsey,39,100,79,39,89,87,70
27123037403,St Paul,Ramsey,9,100,79,25,89,97,65
27123037500,St Paul,Ramsey,34,100,79,17,90,85,65
27123037601,St Paul,Ramsey,36,100,79,42,90,85,70
27123037602,St Paul,Ramsey,13,100,79,38,90,90,67
27123040100,White Bear Lake,Ramsey,8,74,64,17,0,95,41
27123040200,White Bear Lake,Ramsey,11,74,64,43,90,95,64
27123040301,White Bear Lake,Ramsey,18,74,64,19,90,95,61
27123040302,White Bear Lake,Ramsey,20,74,64,24,90,95,62
27123040401,White Bear Lake,Ramsey,32,74,64,27,90,95,64
27123040402,White Bear Lake,Ramsey,11,74,64,25,90,95,61
27123040502,White Bear Lake,Ramsey,29,74,64,50,90,95,68
27123040503,White Bear Lake,Ramsey,2,74,64,33,90,95,61
27123040504,St Paul,Ramsey,18,100,79,20,90,95,65
27123040601,North Oaks,Ramsey,0,42,94,43,0,0,30
27123040603,Vadnais Heights,Ramsey,1,46,80,26,90,94,61
27123040604,Vadnais Heights,Ramsey,15,46,80,24,90,94,62
27123040703,Shoreview,Ramsey,0,47,89,28,0,95,45
27123040704,Shoreview,Ramsey,9,47,89,42,90,95,67
27123040705,Shoreview,Ramsey,3,47,89,19,90,95,62
27123040706,Shoreview,Ramsey,5,47,89,17,0,95,44
27123040707,St Paul,Ramsey,8,100,79,20,0,95,46
27123040801,Arden Hills,Ramsey,0,44,89,26,90,95,63
27123040802,Arden Hills,Ramsey,11,44,89,0,0,87,39
27123040803,Arden Hills,Ramsey,10,44,89,25,0,87,44
27123040901,Mounds View,Ramsey,12,64,67,34,90,86,61
27123040902,Mounds View,Ramsey,50,64,67,35,90,95,68
27123041001,Mounds View,Ramsey,19,64,67,25,90,86,60
27123041002,Mounds View,Ramsey,13,64,67,19,90,95,60
27123041103,Minneapolis,Ramsey,52,100,71,40,90,71,68
27123041104,New Brighton,Ramsey,32,88,80,37,90,87,69
27123041105,New Brighton,Ramsey,11,88,80,33,90,87,65
27123041106,St Paul,Ramsey,31,100,79,22,90,87,66
27123041107,New Brighton,Ramsey,22,88,80,29,0,87,48
27123041200,St Paul,Ramsey,44,100,79,29,90,87,69
27123041301,Roseville,Ramsey,20,68,64,26,93,10,45
27123041302,St Paul,Ramsey,26,100,79,39,0,99,53
27123041400,Roseville,Ramsey,51,68,64,46,0,10,35
27123041500,Roseville,Ramsey,7,68,64,35,90,95,62
27123041601,Roseville,Ramsey,25,68,64,31,90,95,64
27123041602,Roseville,Ramsey,19,68,64,48,89,95,66
27123041700,Roseville,Ramsey,33,68,64,44,89,10,50
27123041800,Roseville,Ramsey,61,68,64,37,89,10,53
27123041900,Falcon Heights,Ramsey,29,85,84,19,93,10,50
27123042001,Falcon Heights,Ramsey,42,85,84,10,93,10,50
27123042002,Lauderdale,Ramsey,25,75,82,19,93,99,67
27123042101,Little Canada,Ramsey,29,65,75,51,90,95,70
27123042102,Little Canada,Ramsey,4,65,75,37,90,94,64
27123042201,St Paul,Ramsey,27,100,79,38,89,94,70
27123042202,St Paul,Ramsey,7,100,79,27,90,94,65
27123042301,Maplewood,Ramsey,14,88,64,33,90,95,64
27123042302,Maplewood,Ramsey,4,88,64,41,90,87,62
27123042401,Maplewood,Ramsey,51,88,64,45,90,95,71
27123042402,St Paul,Ramsey,21,100,79,40,90,87,68
27123042501,St Paul,Ramsey,16,100,79,41,89,87,67
27123042503,Maplewood,Ramsey,1,88,64,11,89,98,58
27123042504,Maplewood,Ramsey,2,88,64,13,89,87,56
27123042601,North St Paul,Ramsey,37,68,83,31,90,95,69
27123042602,North St Paul,Ramsey,44,68,83,65,90,95,77
27123042700,North St Paul,Ramsey,46,68,83,31,90,95,70
27123042800,St Paul,Ramsey,74,100,79,65,89,98,83
27123042900,St Paul,Ramsey,83,100,79,24,90,99,76
27123043000,St Paul,Ramsey,30,100,79,22,93,83,66
27123980000,St Paul,Ramsey,4,100,79,0,89,98,60
27125010100,Brooks,Red Lake,0,0,86,45,0,0,26
27125010200,Red Lake Falls,Red Lake,0,0,86,37,0,0,25
27127750100,Morgan,Redwood,0,0,91,31,0,0,24
27127750200,Redwood Falls,Redwood,0,0,61,53,52,0,33
27127750300,Redwood Falls,Redwood,0,0,61,42,52,0,31
27127750400,Wabasso,Redwood,0,0,91,38,0,0,26
27127750500,Lucan,Redwood,0,0,91,44,0,0,27
27127750600,Lamberton,Redwood,0,0,91,45,0,0,27
27129790100,Buffalo Lake,Renville,0,0,87,38,0,0,25
27129790200,Bird Island,Renville,0,0,87,37,0,98,44
27129790300,Renville,Renville,0,0,87,33,0,97,43
27129790400,Redwood Falls,Renville,0,0,61,39,0,0,20
27129790500,Olivia,Renville,0,0,55,39,51,95,48
27129790600,Fairfax,Renville,0,0,87,48,0,0,27
27131070100,Webster,Rice,0,0,91,18,0,0,22
27131070200,Dundas,Rice,0,0,91,18,0,0,22
27131070300,Morristown,Rice,0,0,91,26,0,0,23
27131070400,Faribault,Rice,0,0,73,20,75,88,51
27131070501,Northfield,Rice,31,0,86,10,67,84,54
27131070503,Northfield,Rice,4,0,86,15,67,85,51
27131070504,Northfield,Rice,12,0,86,24,67,85,54
27131070601,Northfield,Rice,28,0,86,32,67,84,58
27131070602,Northfield,Rice,0,0,86,13,67,85,50
27131070700,Faribault,Rice,2,0,73,27,75,88,53
27131070800,Faribault,Rice,9,0,73,42,75,88,57
27131070901,Faribault,Rice,22,0,73,40,75,88,58
27131070902,Faribault,Rice,26,0,73,41,75,88,59
27133570100,Luverne,Rock,0,0,80,25,51,0,31
27133570200,Luverne,Rock,9,0,80,36,51,0,35
27133570300,Luverne,Rock,0,0,80,35,0,0,23
27135970100,Salol,Roseau,0,0,83,26,0,0,22
27135970200,Badger,Roseau,0,0,83,32,0,0,23
27135970300,Roseau,Roseau,37,0,74,41,48,0,38
27135970400,Warroad,Roseau,0,0,60,37,0,0,19
27135970500,Greenbush,Roseau,0,0,83,44,0,0,25
27137000100,Duluth,St Louis,0,0,55,24,76,74,46
27137000200,Duluth,St Louis,0,0,55,21,0,74,30
27137000300,Duluth,St Louis,3,0,55,45,76,95,55
27137000400,Duluth,St Louis,0,0,55,28,76,89,50
27137000500,Duluth,St Louis,11,0,55,22,76,89,50
27137000600,Duluth,St Louis,44,0,55,34,76,74,54
27137000700,Duluth,St Louis,9,0,55,26,76,74,47
27137000900,Duluth,St Louis,16,0,55,19,76,89,50
27137001000,Duluth,St Louis,49,0,55,12,76,89,53
27137001100,Duluth,St Louis,27,0,55,23,76,89,52
27137001200,Duluth,St Louis,62,0,55,37,76,89,60
27137001300,Duluth,St Louis,56,0,55,39,76,89,60
27137001400,Duluth,St Louis,25,0,55,37,76,89,55
27137001600,Duluth,St Louis,69,0,55,36,76,89,61
27137001700,Duluth,St Louis,74,0,55,73,76,89,69
27137001800,Duluth,St Louis,32,0,55,60,76,96,62
27137001900,Duluth,St Louis,50,0,55,100,67,99,71
27137002000,Duluth,St Louis,22,0,55,38,67,99,55
27137002200,Duluth,St Louis,0,0,55,41,67,99,52
27137002300,Duluth,St Louis,10,0,55,31,76,99,54
27137002400,Duluth,St Louis,20,0,55,34,76,99,56
27137002600,Duluth,St Louis,8,0,55,58,76,99,59
27137002900,Duluth,St Louis,3,0,55,38,0,99,39
27137003000,Duluth,St Louis,8,0,55,46,0,99,41
27137003300,Duluth,St Louis,20,0,55,37,0,99,41
27137003400,Duluth,St Louis,13,0,55,52,0,99,43
27137003600,Duluth,St Louis,0,0,55,34,0,0,18
27137003700,Duluth,St Louis,17,0,55,75,0,0,28
27137003800,Duluth,St Louis,1,0,55,49,0,0,21
27137010100,Proctor,St Louis,36,0,67,48,0,99,48
27137010200,Duluth,St Louis,0,0,55,37,0,0,18
27137010300,Hermantown,St Louis,0,0,76,37,0,95,42
27137010400,Duluth,St Louis,0,0,55,25,0,0,16
27137010500,Duluth,St Louis,0,0,55,23,0,0,16
27137010600,Duluth,St Louis,0,0,55,28,0,0,17
27137011100,Saginaw,St Louis,0,0,84,22,0,0,21
27137011200,Unknown,St Louis,0,0,84,47,0,0,26
27137011300,Meadowlands,St Louis,0,0,84,50,0,0,27
27137011400,Makinen,St Louis,0,0,84,41,0,0,25
27137012100,Hibbing,St Louis,6,0,74,48,72,95,59
27137012200,Hibbing,St Louis,0,0,74,88,72,94,66
27137012300,Hibbing,St Louis,58,0,74,45,72,94,65
27137012400,Hibbing,St Louis,9,0,74,69,72,95,63
27137012500,Hibbing,St Louis,34,0,74,74,72,94,68
27137012600,Chisholm,St Louis,64,0,90,65,0,76,55
27137012700,Kinney,St Louis,0,0,84,55,0,76,43
27137012800,Mountain Iron,St Louis,4,0,84,28,70,0,37
27137013000,Virginia,St Louis,19,0,30,73,70,0,37
27137013100,Virginia,St Louis,71,0,30,59,70,0,42
27137013200,Virginia,St Louis,3,0,30,70,70,0,34
27137013300,Eveleth,St Louis,1,0,53,44,70,0,34
27137013400,Eveleth,St Louis,0,0,53,40,0,0,19
27137013500,Gilbert,St Louis,1,0,48,44,0,0,19
27137013600,Gilbert,St Louis,0,0,48,61,0,0,22
27137013800,Aurora,St Louis,31,0,84,45,43,0,39
27137013900,Embarrass,St Louis,0,0,84,39,43,0,33
27137014000,Hoyt Lakes,St Louis,0,0,100,55,0,0,31
27137014100,Babbitt,St Louis,0,0,79,66,0,0,29
27137015100,Angora,St Louis,0,0,84,46,0,0,26
27137015200,Unknown,St Louis,0,0,84,35,0,0,24
27137015300,Ely,St Louis,47,0,76,51,47,0,41
27137015400,Duluth,St Louis,0,0,55,48,0,0,21
27137015500,Orr,St Louis,0,0,84,50,0,0,27
27137015600,Duluth,St Louis,13,0,55,63,67,99,59
27137015700,Duluth,St Louis,51,0,55,17,76,89,55
27137015800,Duluth,St Louis,1,0,55,61,0,99,43
27137990100,Duluth,St Louis,0,0,55,0,0,0,11
27139080100,Savage,Scott,42,47,72,53,87,96,70
27139080201,Savage,Scott,17,47,72,17,0,96,42
27139080202,Savage,Scott,13,47,72,12,0,96,41
27139080203,Savage,Scott,2,47,72,13,87,96,57
27139080204,Savage,Scott,0,47,72,3,0,98,37
27139080205,Savage,Scott,4,47,72,15,87,98,58
27139080301,Shakopee,Scott,7,40,78,13,78,0,37
27139080302,Shakopee,Scott,0,40,78,10,78,0,36
27139080400,Shakopee,Scott,59,40,78,34,78,95,68
27139080500,Shakopee,Scott,20,40,78,61,78,95,68
27139080600,Shakopee,Scott,14,40,78,30,78,95,61
27139080700,Shakopee,Scott,4,40,78,15,78,95,56
27139080800,Jordan,Scott,0,0,82,27,0,0,22
27139080903,Prior Lake,Scott,2,40,75,19,78,0,37
27139080904,Prior Lake,Scott,37,40,75,18,0,0,26
27139080905,Prior Lake,Scott,0,40,75,15,78,0,36
27139080906,Prior Lake,Scott,10,40,75,24,0,0,24
27139081000,Prior Lake,Scott,0,40,75,13,0,0,20
27139081100,Elko New Market,Scott,0,0,94,9,0,0,21
27139081200,New Prague,Scott,0,0,75,30,55,0,32
27139081300,Belle Plaine,Scott,1,0,80,21,0,81,37
27141030101,Zimmerman,Sherburne,0,0,86,17,0,87,38
27141030102,Princeton,Sherburne,0,0,75,27,88,0,38
27141030200,Becker,Sherburne,0,0,83,20,0,0,21
27141030300,St Cloud,Sherburne,0,0,63,24,0,0,17
27141030402,Big Lake,Sherburne,0,0,83,34,54,0,34
27141030403,Big Lake,Sherburne,0,0,83,24,0,0,21
27141030404,Becker,Sherburne,0,0,83,16,0,0,20
27141030502,Elk River,Sherburne,1,0,73,27,0,93,39
27141030503,Elk River,Sherburne,3,0,73,28,0,93,39
27141030504,Elk River,Sherburne,0,0,73,26,0,93,38
27141031500,St Cloud,Sherburne,0,0,63,40,90,95,58
27143170198,Green Isle,Sibley,0,0,99,32,49,0,36
27143170200,Gibbon,Sibley,0,0,99,35,0,0,27
27143170300,Gaylord,Sibley,3,0,99,47,0,0,30
27143170400,Henderson,Sibley,0,0,99,32,0,0,26
27145000301,St Cloud,Stearns,47,0,63,35,90,88,62
27145000302,St Cloud,Stearns,19,0,63,24,90,95,57
27145000401,St Cloud,Stearns,0,0,63,47,90,95,59
27145000402,St Cloud,Stearns,16,0,63,16,90,95,55
27145000500,Waite Park,Stearns,2,0,26,44,90,97,52
27145000601,St Cloud,Stearns,77,0,63,33,90,88,66
27145000602,St Cloud,Stearns,50,0,63,42,90,88,64
27145000701,St Cloud,Stearns,37,0,63,34,90,97,62
27145000801,St Cloud,Stearns,48,0,63,32,90,88,61
27145000901,St Cloud,Stearns,19,0,63,50,90,94,62
27145001001,St Cloud,Stearns,15,0,63,60,90,97,64
27145010101,Sartell,Stearns,0,0,80,17,0,97,39
27145010102,Sartell,Stearns,8,0,80,28,90,97,60
27145010200,St Joseph,Stearns,0,0,95,27,0,0,24
27145010401,Avon,Stearns,0,0,80,21,0,0,20
27145010402,Albany,Stearns,18,0,84,26,49,92,53
27145010403,Albany,Stearns,0,0,84,25,0,0,22
27145010500,Unknown,Stearns,0,0,88,26,49,80,49
27145010600,Melrose,Stearns,0,0,92,23,49,80,49
27145010900,Belgrade,Stearns,0,0,88,31,0,0,24
27145011000,Paynesville,Stearns,0,0,83,42,49,0,35
27145011100,Richmond,Stearns,0,0,88,30,0,0,24
27145011200,Kimball,Stearns,0,0,88,29,0,0,23
27145011301,St Joseph,Stearns,0,0,95,19,0,97,42
27145011302,Cold Spring,Stearns,54,0,88,31,0,90,49
27145011304,St Cloud,Stearns,0,0,63,20,0,90,35
27145011400,St Augusta,Stearns,0,0,88,24,0,0,22
27145011500,Sauk Centre,Stearns,0,0,72,45,0,0,23
27145011600,St Cloud,Stearns,70,0,63,36,90,88,65
27147960100,Owatonna,Steele,0,0,75,23,0,0,20
27147960200,Owatonna,Steele,0,0,75,31,83,100,58
27147960300,Owatonna,Steele,25,0,75,25,83,100,60
27147960400,Owatonna,Steele,29,0,75,27,83,100,61
27147960500,Owatonna,Steele,0,0,75,22,0,0,19
27147960600,Owatonna,Steele,29,0,75,53,83,100,66
27147960700,Owatonna,Steele,11,0,75,31,83,100,59
27147960800,Blooming Prairie,Steele,0,0,94,32,0,0,25
27149480100,Morris,Stevens,0,0,72,37,0,0,22
27149480200,Morris,Stevens,0,0,72,31,55,0,32
27149480300,Hancock,Stevens,0,0,87,35,0,0,24
27151960100,Murdock,Swift,0,0,85,29,0,0,23
27151960200,Benson,Swift,58,0,92,55,48,0,47
27151960300,Benson,Swift,3,0,92,42,48,0,37
27151960400,Appleton,Swift,0,0,51,52,0,0,21
27153790100,Staples,Todd,2,0,71,52,49,0,35
27153790200,Bertha,Todd,0,0,78,48,0,0,25
27153790300,Clarissa,Todd,0,0,78,37,0,0,23
27153790400,Browerville,Todd,0,0,78,40,0,0,24
27153790500,Burtrum,Todd,0,0,78,30,0,0,22
27153790600,Long Prairie,Todd,8,0,68,36,43,99,50
27153790700,Osakis,Todd,1,0,88,40,0,0,26
27153790800,Grey Eagle,Todd,0,0,78,38,0,98,43
27155460100,Wheaton,Traverse,0,0,70,47,0,0,23
27155460200,Dumont,Traverse,0,0,80,53,0,0,27
27157490100,Wabasha,Wabasha,0,0,78,58,49,0,37
27157490200,Kellogg,Wabasha,0,0,92,39,0,0,26
27157490300,Lake City,Wabasha,0,0,84,35,48,0,33
27157490400,Zumbro Falls,Wabasha,0,0,92,31,0,0,25
27157490500,Millville,Wabasha,0,0,92,26,0,0,24
27157490600,Plainview,Wabasha,56,0,97,23,0,87,49
27159480100,Menahga,Wadena,0,0,85,52,0,0,27
27159480200,Verndale,Wadena,0,0,85,52,0,0,27
27159480300,Wadena,Wadena,0,0,71,60,53,0,37
27161790100,Janesville,Waseca,0,0,81,28,0,0,22
27161790200,New Richland,Waseca,0,0,93,39,0,0,26
27161790300,Waseca,Waseca,0,0,80,25,51,0,31
27161790400,Waseca,Waseca,27,0,80,40,51,0,38
27161790500,Waseca,Waseca,42,0,80,27,51,0,37
27163070103,Forest Lake,Washington,24,0,64,50,71,84,57
27163070104,Forest Lake,Washington,13,0,64,33,71,84,52
27163070105,Forest Lake,Washington,0,0,64,29,71,84,50
27163070106,Forest Lake,Washington,0,0,64,14,0,84,32
27163070203,Hugo,Washington,0,0,79,17,0,0,19
27163070204,St Paul,Washington,0,100,79,20,0,0,26
27163070205,Scandia,Washington,0,0,79,23,0,0,20
27163070206,Stillwater,Washington,0,40,76,25,0,0,23
27163070301,Dellwood,Washington,0,39,79,17,0,95,41
27163070303,St Paul,Washington,11,100,79,32,90,95,67
27163070304,St Paul,Washington,34,100,79,36,90,95,71
27163070403,Stillwater,Washington,3,40,76,30,0,95,43
27163070404,Stillwater,Washington,0,40,76,13,76,96,55
27163070405,Lake Elmo,Washington,0,40,79,13,76,95,55
27163070406,Lake Elmo,Washington,4,40,79,19,0,0,23
27163070501,Stillwater,Washington,1,40,76,17,76,96,56
27163070502,Stillwater,Washington,34,40,76,37,76,96,64
27163070601,Stillwater,Washington,6,40,76,25,76,96,58
27163070602,Stillwater,Washington,53,40,76,35,76,96,66
27163070701,Stillwater,Washington,0,40,76,26,76,96,57
27163070703,Stillwater,Washington,30,40,76,43,76,96,65
27163070704,Bayport,Washington,24,50,79,46,76,96,66
27163070801,Bayport,Washington,7,50,79,0,76,96,54
27163070802,Oak Park Heights,Washington,2,40,40,0,76,96,45
27163070906,Oakdale,Washington,10,75,63,22,90,95,60
27163070907,Oakdale,Washington,7,75,63,20,90,95,59
27163070909,St Paul,Washington,2,100,79,21,89,87,61
27163070910,Oakdale,Washington,36,75,63,29,89,87,63
27163070911,Oakdale,Washington,2,75,63,28,89,87,58
27163070912,St Paul,Washington,15,100,79,38,89,87,67
27163071001,St Paul,Washington,14,100,79,16,89,87,62
27163071003,Newport,Washington,30,40,59,27,89,98,61
27163071006,Woodbury,Washington,41,46,81,32,89,0,49
27163071010,Woodbury,Washington,32,46,81,15,89,0,44
27163071011,Woodbury,Washington,11,46,81,15,89,0,41
27163071012,Woodbury,Washington,1,46,81,34,89,98,63
27163071013,Woodbury,Washington,11,46,81,32,89,98,64
27163071014,Woodbury,Washington,10,46,81,11,89,98,60
27163071015,Woodbury,Washington,20,46,81,13,89,98,62
27163071016,Woodbury,Washington,5,46,81,9,89,98,59
27163071017,Woodbury,Washington,2,46,81,12,89,0,39
27163071018,Woodbury,Washington,0,46,81,4,89,98,57
27163071101,Lakeland,Washington,30,0,79,25,0,0,25
27163071102,Hastings,Washington,2,0,75,27,0,0,21
27163071206,Cottage Grove,Washington,5,41,76,24,89,98,61
27163071207,Cottage Grove,Washington,0,41,76,14,0,0,20
27163071208,Cottage Grove,Washington,20,41,76,26,0,98,45
27163071209,Cottage Grove,Washington,12,41,76,19,0,0,23
27163071300,St Paul Park,Washington,23,47,57,15,0,98,40
27163071400,Cottage Grove,Washington,3,41,76,37,0,0,25
27165950100,St James,Watonwan,0,0,69,36,0,0,21
27165950200,St James,Watonwan,41,0,69,32,43,0,35
27165950300,St James,Watonwan,0,0,69,39,43,0,30
27167950100,Rothsay,Wilkin,0,0,70,29,0,0,20
27167950200,Breckenridge,Wilkin,32,0,57,48,51,97,55
27169670100,Rollingstone,Winona,0,0,93,36,0,86,43
27169670200,Winona,Winona,1,0,91,32,84,92,60
27169670300,Winona,Winona,0,0,91,36,84,98,62
27169670400,Winona,Winona,3,0,91,33,84,92,60
27169670500,Winona,Winona,78,0,91,31,84,92,71
27169670600,Winona,Winona,0,0,91,36,84,98,62
27169670700,Winona,Winona,19,0,91,37,84,92,63
27169670800,Dakota,Winona,0,0,93,24,0,0,23
27169670900,Lewiston,Winona,0,0,93,32,0,98,45
27169671000,St Charles,Winona,0,0,93,22,0,0,23
27171100100,Otsego,Wright,0,0,86,16,0,92,39
27171100202,Monticello,Wright,0,0,86,22,54,0,32
27171100203,Monticello,Wright,0,0,86,22,54,0,32
27171100204,Monticello,Wright,4,0,86,25,54,0,34
27171100300,Clearwater,Wright,0,0,86,22,0,0,22
27171100400,Annandale,Wright,0,0,86,29,0,0,23
27171100500,Annandale,Wright,0,0,86,26,0,0,22
27171100701,Buffalo,Wright,8,0,75,37,76,72,53
27171100702,Buffalo,Wright,0,0,75,36,76,72,52
27171100703,Buffalo,Wright,0,0,75,19,76,72,48
27171100801,St Michael,Wright,0,0,86,10,0,0,19
27171100802,St Michael,Wright,4,0,86,11,0,99,40
27171100900,Buffalo,Wright,0,0,75,12,0,72,32
27171101000,Delano,Wright,0,0,86,20,0,10,23
27171101100,Waverly,Wright,0,0,86,19,0,0,21
27171101200,Howard Lake,Wright,15,0,86,28,0,0,25
27171101300,Cokato,Wright,8,0,86,24,0,0,23
27173970100,Granite Falls,Yellow Medicine,0,0,79,46,0,0,25
27173970200,Canby,Yellow Medicine,0,0,87,48,49,0,37
27173970300,Clarkfield,Yellow Medicine,1,0,88,40,0,0,26
27173970400,Wood Lake,Yellow Medicine,0,0,88,28,0,0,23
