county	population	tract
Aitkin	2288	27001770100
Aitkin	2022	27001770200
Aitkin	3538	27001770300
Aitkin	3043	27001770400
Aitkin	1873	27001790501
Aitkin	3075	27001790502
Anoka	2935	27003050107
Anoka	4737	27003050108
Anoka	5164	27003050109
Anoka	2851	27003050110
Anoka	3593	27003050111
Anoka	2680	27003050114
Anoka	5383	27003050115
Anoka	4412	27003050116
Anoka	3310	27003050208
Anoka	3939	27003050210
Anoka	4052	27003050215
Anoka	5643	27003050216
Anoka	2869	27003050217
Anoka	3290	27003050218
Anoka	3049	27003050219
Anoka	6547	27003050220
Anoka	6591	27003050221
Anoka	5316	27003050222
Anoka	2609	27003050223
Anoka	2750	27003050224
Anoka	6389	27003050225
Anoka	2952	27003050226
Anoka	4174	27003050227
Anoka	5097	27003050228
Anoka	4049	27003050229
Anoka	2438	27003050230
Anoka	3810	27003050232
Anoka	2856	27003050233
Anoka	2937	27003050234
Anoka	2796	27003050235
Anoka	4354	27003050236
Anoka	5315	27003050237
Anoka	3064	27003050401
Anoka	3409	27003050402
Anoka	2727	27003050501
Anoka	2595	27003050504
Anoka	4762	27003050505
Anoka	2506	27003050602
Anoka	5426	27003050605
Anoka	2109	27003050606
Anoka	4846	27003050607
Anoka	4483	27003050608
Anoka	3409	27003050609
Anoka	6691	27003050610
Anoka	3035	27003050702
Anoka	4938	27003050704
Anoka	3805	27003050706
Anoka	6035	27003050707
Anoka	2219	27003050709
Anoka	3490	27003050710
Anoka	4424	27003050711
Anoka	4107	27003050712
Anoka	6638	27003050805
Anoka	6215	27003050806
Anoka	3261	27003050807
Anoka	2148	27003050808
Anoka	6200	27003050809
Anoka	3969	27003050810
Anoka	2593	27003050811
Anoka	6551	27003050813
Anoka	4719	27003050816
Anoka	4454	27003050818
Anoka	3487	27003050819
Anoka	3158	27003050820
Anoka	4863	27003050821
Anoka	2060	27003050901
Anoka	4929	27003050902
Anoka	2633	27003051001
Anoka	3622	27003051002
Anoka	4605	27003051101
Anoka	4471	27003051102
Anoka	3554	27003051103
Anoka	3915	27003051201
Anoka	3277	27003051202
Anoka	5112	27003051203
Anoka	2450	27003051206
Anoka	3558	27003051302
Anoka	2507	27003051304
Anoka	3058	27003051305
Anoka	5121	27003051400
Anoka	3186	27003051501
Anoka	2774	27003051502
Anoka	5170	27003051600
Becker	2840	27005450100
Becker	2358	27005450200
Becker	4910	27005450300
Becker	2352	27005450400
Becker	3819	27005450500
Becker	3503	27005450600
Becker	3313	27005450700
Becker	2329	27005450800
Becker	3030	27005450900
Becker	3950	27005940000
Beltrami	6042	27007450100
Beltrami	7069	27007450200
Beltrami	4496	27007450300
Beltrami	2710	27007450400
Beltrami	1558	27007450500
Beltrami	4977	27007450600
Beltrami	4665	27007450701
Beltrami	5029	27007450702
Beltrami	5920	27007940001
Beltrami	2045	27007940002
Benton	5723	27009020100
Benton	2852	27009020202
Benton	2335	27009020203
Benton	3103	27009020205
Benton	2357	27009020206
Benton	3228	27009020300
Benton	8014	27009021101
Benton	4226	27009021102
Benton	6407	27009021200
Big Stone	1446	27011950100
Big Stone	1602	27011950200
Big Stone	2033	27011950300
Blue Earth	4756	27013170100
Blue Earth	5122	27013170200
Blue Earth	3076	27013170300
Blue Earth	3856	27013170400
Blue Earth	4920	27013170500
Blue Earth	1972	27013170600
Blue Earth	2913	27013170700
Blue Earth	4685	27013170800
Blue Earth	3165	27013170900
Blue Earth	3454	27013171000
Blue Earth	5868	27013171101
Blue Earth	5823	27013171202
Blue Earth	3517	27013171300
Blue Earth	3694	27013171400
Blue Earth	2840	27013171500
Blue Earth	4356	27013171600
Brown	2033	27015960101
Brown	1255	27015960102
Brown	4373	27015960200
Brown	3018	27015960300
Brown	4357	27015960400
Brown	3668	27015960500
Brown	3197	27015960600
Brown	3475	27015960700
Carlton	5433	27017070100
Carlton	3889	27017070200
Carlton	5151	27017070300
Carlton	7652	27017070400
Carlton	6201	27017070500
Carlton	3210	27017070600
Carlton	2927	27017940000
Carver	5589	27019090100
Carver	4000	27019090200
Carver	6467	27019090301
Carver	5397	27019090302
Carver	4831	27019090401
Carver	5640	27019090402
Carver	2539	27019090501
Carver	2859	27019090502
Carver	2819	27019090503
Carver	3913	27019090601
Carver	2882	27019090602
Carver	6310	27019090701
Carver	2230	27019090702
Carver	8163	27019090800
Carver	5504	27019090900
Carver	9882	27019091000
Carver	5910	27019091100
Carver	4827	27019091201
Carver	2722	27019091202
Cass	3810	27021940001
Cass	2999	27021940002
Cass	1967	27021960100
Cass	2421	27021960200
Cass	960	27021960301
Cass	1161	27021960302
Cass	3160	27021960600
Cass	3801	27021960700
Cass	3645	27021960801
Cass	4385	27021960802
Chippewa	1892	27023950300
Chippewa	2126	27023950400
Chippewa	2331	27023950500
Chippewa	5725	27023950600
Chisago	3886	27025110100
Chisago	5788	27025110200
Chisago	3952	27025110301
Chisago	6074	27025110302
Chisago	9047	27025110401
Chisago	4564	27025110402
Chisago	4020	27025110501
Chisago	6364	27025110502
Chisago	4794	27025110600
Chisago	3907	27025110700
Clay	5279	27027020100
Clay	2187	27027020202
Clay	2981	27027020300
Clay	5307	27027020400
Clay	5350	27027020500
Clay	4148	27027020600
Clay	5365	27027030102
Clay	7291	27027030103
Clay	7334	27027030104
Clay	2005	27027030106
Clay	1738	27027030107
Clay	5450	27027030201
Clay	4516	27027030202
Clearwater	2564	27029000100
Clearwater	2810	27029000200
Clearwater	3255	27029000300
Cook	3251	27031480100
Cook	1893	27031480200
Cottonwood	3048	27033270100
Cottonwood	2240	27033270200
Cottonwood	3134	27033270300
Cottonwood	3023	27033270400
Crow Wing	2001	27035950100
Crow Wing	1721	27035950204
Crow Wing	5328	27035950400
Crow Wing	2887	27035950501
Crow Wing	2561	27035950502
Crow Wing	5602	27035950700
Crow Wing	4697	27035950800
Crow Wing	5255	27035950900
Crow Wing	4177	27035951000
Crow Wing	4480	27035951100
Crow Wing	2470	27035951200
Crow Wing	4499	27035951301
Crow Wing	5996	27035951302
Crow Wing	5200	27035951400
Crow Wing	2594	27035951600
Crow Wing	2643	27035951700
Dakota	3734	27037060101
Dakota	2700	27037060102
Dakota	2526	27037060103
Dakota	5542	27037060104
Dakota	4909	27037060105
Dakota	2750	27037060201
Dakota	3571	27037060202
Dakota	4099	27037060301
Dakota	3722	27037060302
Dakota	2431	27037060401
Dakota	3393	27037060402
Dakota	4395	27037060502
Dakota	4938	27037060503
Dakota	5252	27037060505
Dakota	5691	27037060506
Dakota	3392	27037060507
Dakota	5601	27037060508
Dakota	5403	27037060509
Dakota	4343	27037060603
Dakota	3352	27037060604
Dakota	1558	27037060605
Dakota	2757	27037060606
Dakota	5739	27037060709
Dakota	3678	27037060710
Dakota	4035	27037060711
Dakota	3269	27037060713
Dakota	4362	27037060714
Dakota	3871	27037060716
Dakota	2326	27037060717
Dakota	2506	27037060721
Dakota	3749	27037060725
Dakota	2661	27037060726
Dakota	2847	27037060727
Dakota	4567	27037060728
Dakota	4117	27037060729
Dakota	6446	27037060730
Dakota	4566	27037060731
Dakota	5657	27037060732
Dakota	3817	27037060733
Dakota	4466	27037060734
Dakota	4729	27037060735
Dakota	4706	27037060737
Dakota	3223	27037060738
Dakota	5518	27037060739
Dakota	6897	27037060741
Dakota	3691	27037060742
Dakota	1448	27037060743
Dakota	1547	27037060744
Dakota	4468	27037060745
Dakota	3403	27037060746
Dakota	4011	27037060747
Dakota	3593	27037060748
Dakota	1601	27037060749
Dakota	3655	27037060750
Dakota	3210	27037060805
Dakota	5557	27037060806
Dakota	4897	27037060811
Dakota	6431	27037060812
Dakota	4663	27037060813
Dakota	6384	27037060814
Dakota	4774	27037060815
Dakota	5854	27037060816
Dakota	7520	27037060817
Dakota	7380	27037060818
Dakota	6748	27037060819
Dakota	7652	27037060820
Dakota	5738	27037060821
Dakota	1292	27037060822
Dakota	3960	27037060823
Dakota	3531	27037060824
Dakota	7011	27037060825
Dakota	6766	27037060826
Dakota	3860	27037060828
Dakota	2920	27037060829
Dakota	4800	27037060902
Dakota	3196	27037060904
Dakota	5009	27037060905
Dakota	3600	27037060906
Dakota	6760	27037060907
Dakota	3414	27037061001
Dakota	1157	27037061003
Dakota	6261	27037061004
Dakota	2210	27037061005
Dakota	4798	27037061007
Dakota	2571	27037061008
Dakota	5125	27037061009
Dakota	4453	27037061102
Dakota	2503	27037061105
Dakota	2915	27037061106
Dakota	6202	27037061107
Dakota	6154	27037061108
Dakota	3132	27037061401
Dakota	3775	27037061402
Dakota	2405	27037061501
Dakota	2783	27037061502
Dodge	4514	27039950100
Dodge	4040	27039950200
Dodge	2451	27039950300
Dodge	3419	27039950400
Dodge	5558	27039950500
Douglas	3061	27041450100
Douglas	3613	27041450200
Douglas	4609	27041450500
Douglas	6047	27041450600
Douglas	4728	27041450701
Douglas	2725	27041450702
Douglas	3662	27041450800
Douglas	3273	27041450900
Douglas	4124	27041451000
Faribault	1886	27043460100
Faribault	2129	27043460200
Faribault	1915	27043460300
Faribault	3161	27043460400
Faribault	2345	27043460500
Faribault	2632	27043460600
Fillmore	3492	27045960100
Fillmore	4368	27045960200
Fillmore	3638	27045960300
Fillmore	2914	27045960400
Fillmore	3054	27045960500
Fillmore	3017	27045960600
Freeborn	2846	27047180100
Freeborn	2547	27047180200
Freeborn	3461	27047180300
Freeborn	3167	27047180400
Freeborn	4153	27047180500
Freeborn	4199	27047180600
Freeborn	2399	27047180700
Freeborn	2466	27047180800
Freeborn	3144	27047180900
Freeborn	2383	27047181000
Goodhue	4082	27049080101
Goodhue	5442	27049080102
Goodhue	7153	27049080200
Goodhue	3824	27049080300
Goodhue	3834	27049080400
Goodhue	3483	27049080500
Goodhue	4484	27049080600
Goodhue	3496	27049080700
Goodhue	4072	27049080800
Goodhue	5603	27049080900
Grant	3166	27051070100
Grant	2735	27051070200
Hennepin	3562	27053000101
Hennepin	4421	27053000102
Hennepin	3271	27053000300
Hennepin	4938	27053000601
Hennepin	2664	27053000603
Hennepin	2179	27053001100
Hennepin	2499	27053001700
Hennepin	1481	27053002200
Hennepin	2239	27053002400
Hennepin	2881	27053002700
Hennepin	1562	27053003200
Hennepin	2537	27053003300
Hennepin	4474	27053003800
Hennepin	2850	27053005901
Hennepin	3126	27053005902
Hennepin	4268	27053006800
Hennepin	3061	27053007700
Hennepin	1617	27053007801
Hennepin	3605	27053008100
Hennepin	4268	27053008200
Hennepin	2318	27053008300
Hennepin	2474	27053008400
Hennepin	4167	27053008500
Hennepin	3106	27053009500
Hennepin	3606	27053009600
Hennepin	3027	27053010600
Hennepin	2344	27053010700
Hennepin	3530	27053011000
Hennepin	3992	27053011703
Hennepin	3424	27053011704
Hennepin	4841	27053011800
Hennepin	3972	27053011998
Hennepin	5749	27053012001
Hennepin	5772	27053012003
Hennepin	3109	27053012101
Hennepin	2842	27053012102
Hennepin	3047	27053020101
Hennepin	2178	27053020102
Hennepin	8166	27053020200
Hennepin	2800	27053020301
Hennepin	2258	27053020302
Hennepin	3831	27053020303
Hennepin	3078	27053020304
Hennepin	4270	27053020400
Hennepin	3911	27053020500
Hennepin	1916	27053020600
Hennepin	4188	27053020700
Hennepin	2060	27053020801
Hennepin	2994	27053020804
Hennepin	2225	27053020902
Hennepin	3428	27053020903
Hennepin	5284	27053021001
Hennepin	1748	27053021002
Hennepin	1990	27053021100
Hennepin	4583	27053021200
Hennepin	4445	27053021300
Hennepin	2989	27053021400
Hennepin	3771	27053021501
Hennepin	3193	27053021502
Hennepin	4836	27053021503
Hennepin	3683	27053021504
Hennepin	4652	27053021505
Hennepin	4201	27053021601
Hennepin	5627	27053021602
Hennepin	4791	27053021700
Hennepin	2114	27053021800
Hennepin	3470	27053021900
Hennepin	1488	27053022000
Hennepin	2704	27053022101
Hennepin	2595	27053022102
Hennepin	4607	27053022200
Hennepin	2005	27053022301
Hennepin	2593	27053022302
Hennepin	3698	27053022400
Hennepin	4089	27053022700
Hennepin	2132	27053022801
Hennepin	3034	27053022802
Hennepin	4847	27053022901
Hennepin	1767	27053022902
Hennepin	4097	27053023000
Hennepin	1756	27053023100
Hennepin	5871	27053023200
Hennepin	5632	27053023300
Hennepin	6042	27053023400
Hennepin	3603	27053023501
Hennepin	5561	27053023502
Hennepin	4039	27053023600
Hennepin	4561	27053023700
Hennepin	5030	27053023801
Hennepin	2836	27053023802
Hennepin	3626	27053023901
Hennepin	2029	27053023902
Hennepin	3164	27053023903
Hennepin	4804	27053024003
Hennepin	3714	27053024004
Hennepin	1738	27053024005
Hennepin	1886	27053024006
Hennepin	3503	27053024100
Hennepin	2943	27053024200
Hennepin	4307	27053024300
Hennepin	4104	27053024400
Hennepin	2290	27053024500
Hennepin	3505	27053024600
Hennepin	3335	27053024700
Hennepin	2197	27053024801
Hennepin	3106	27053024802
Hennepin	898	27053024901
Hennepin	2856	27053024902
Hennepin	2206	27053024903
Hennepin	2756	27053025100
Hennepin	5236	27053025201
Hennepin	5141	27053025205
Hennepin	2896	27053025301
Hennepin	4212	27053025302
Hennepin	4003	27053025401
Hennepin	3543	27053025403
Hennepin	2266	27053025601
Hennepin	3856	27053025603
Hennepin	3460	27053025605
Hennepin	6808	27053025701
Hennepin	4411	27053025702
Hennepin	3062	27053025801
Hennepin	2316	27053025802
Hennepin	3055	27053025803
Hennepin	2667	27053025805
Hennepin	6185	27053025903
Hennepin	3598	27053025905
Hennepin	6200	27053025906
Hennepin	4720	27053025907
Hennepin	3734	27053026005
Hennepin	2983	27053026006
Hennepin	4916	27053026007
Hennepin	4612	27053026013
Hennepin	4924	27053026014
Hennepin	5438	27053026015
Hennepin	6972	27053026016
Hennepin	6759	27053026018
Hennepin	5385	27053026019
Hennepin	4140	27053026020
Hennepin	4425	27053026021
Hennepin	7097	27053026022
Hennepin	3082	27053026101
Hennepin	2904	27053026103
Hennepin	4067	27053026104
Hennepin	3256	27053026201
Hennepin	2752	27053026202
Hennepin	3120	27053026205
Hennepin	3008	27053026206
Hennepin	4198	27053026207
Hennepin	3188	27053026208
Hennepin	3169	27053026301
Hennepin	3389	27053026302
Hennepin	5814	27053026402
Hennepin	2957	27053026403
Hennepin	5224	27053026404
Hennepin	3707	27053026505
Hennepin	4464	27053026507
Hennepin	4887	27053026508
Hennepin	4386	27053026509
Hennepin	3448	27053026510
Hennepin	3605	27053026511
Hennepin	5752	27053026512
Hennepin	4754	27053026514
Hennepin	3447	27053026605
Hennepin	5026	27053026606
Hennepin	3099	27053026609
Hennepin	4287	27053026610
Hennepin	4845	27053026611
Hennepin	9289	27053026612
Hennepin	6635	27053026613
Hennepin	2412	27053026702
Hennepin	3473	27053026706
Hennepin	4877	27053026707
Hennepin	5586	27053026708
Hennepin	7950	27053026710
Hennepin	3021	27053026711
Hennepin	3126	27053026712
Hennepin	4214	27053026713
Hennepin	9237	27053026714
Hennepin	13426	27053026715
Hennepin	8082	27053026716
Hennepin	5409	27053026807
Hennepin	5129	27053026809
Hennepin	6326	27053026810
Hennepin	6138	27053026811
Hennepin	5556	27053026812
Hennepin	5938	27053026814
Hennepin	5137	27053026815
Hennepin	6071	27053026816
Hennepin	5132	27053026818
Hennepin	4657	27053026819
Hennepin	11524	27053026820
Hennepin	4976	27053026822
Hennepin	4723	27053026823
Hennepin	4405	27053026903
Hennepin	7154	27053026906
Hennepin	5665	27053026907
Hennepin	6131	27053026908
Hennepin	11380	27053026909
Hennepin	4708	27053026910
Hennepin	3055	27053027001
Hennepin	5255	27053027002
Hennepin	5633	27053027101
Hennepin	5516	27053027102
Hennepin	6453	27053027201
Hennepin	1896	27053027202
Hennepin	3522	27053027203
Hennepin	3814	27053027300
Hennepin	4130	27053027400
Hennepin	4439	27053027501
Hennepin	4100	27053027503
Hennepin	3265	27053027504
Hennepin	3865	27053027601
Hennepin	5294	27053027602
Hennepin	8992	27053027700
Hennepin	3467	27053100200
Hennepin	3234	27053100400
Hennepin	2055	27053100500
Hennepin	2985	27053100700
Hennepin	3742	27053100800
Hennepin	4253	27053100900
Hennepin	4073	27053101200
Hennepin	1789	27053101300
Hennepin	2112	27053101600
Hennepin	3921	27053101800
Hennepin	2656	27053101900
Hennepin	2145	27053102000
Hennepin	2242	27053102100
Hennepin	1097	27053102300
Hennepin	2752	27053102500
Hennepin	1775	27053102600
Hennepin	2461	27053102800
Hennepin	1259	27053102900
Hennepin	1503	27053103000
Hennepin	2174	27053103100
Hennepin	2475	27053103400
Hennepin	2250	27053103600
Hennepin	2968	27053103700
Hennepin	1933	27053103900
Hennepin	7439	27053104000
Hennepin	3299	27053104100
Hennepin	2131	27053104400
Hennepin	7234	27053104800
Hennepin	9774	27053104900
Hennepin	2646	27053105100
Hennepin	2764	27053105201
Hennepin	2351	27053105204
Hennepin	3293	27053105400
Hennepin	3784	27053105500
Hennepin	3741	27053105600
Hennepin	2876	27053105700
Hennepin	3059	27053106000
Hennepin	3520	27053106200
Hennepin	1862	27053106400
Hennepin	4213	27053106500
Hennepin	2501	27053106600
Hennepin	5196	27053106700
Hennepin	2532	27053106900
Hennepin	4161	27053107000
Hennepin	1628	27053107400
Hennepin	1981	27053107500
Hennepin	3753	27053107600
Hennepin	3392	27053108000
Hennepin	2707	27053108600
Hennepin	3196	27053108700
Hennepin	3546	27053108800
Hennepin	2268	27053108900
Hennepin	1659	27053109000
Hennepin	4879	27053109100
Hennepin	3335	27053109200
Hennepin	3959	27053109300
Hennepin	2327	27053109400
Hennepin	2302	27053109700
Hennepin	4168	27053109800
Hennepin	3927	27053109900
Hennepin	1842	27053110000
Hennepin	2718	27053110100
Hennepin	3491	27053110200
Hennepin	2839	27053110400
Hennepin	4810	27053110500
Hennepin	4577	27053110800
Hennepin	3401	27053110900
Hennepin	3105	27053111100
Hennepin	2881	27053111200
Hennepin	4533	27053111300
Hennepin	3927	27053111400
Hennepin	4807	27053111500
Hennepin	3226	27053111600
Hennepin	3525	27053122500
Hennepin	2173	27053122600
Hennepin	3503	27053125500
Hennepin	2684	27053125600
Hennepin	3963	27053125700
Hennepin	4686	27053125800
Hennepin	4238	27053125900
Hennepin	4991	27053126000
Hennepin	5187	27053126100
Hennepin	4040	27053126200
Hennepin	409	27053980000
Houston	5713	27055020100
Houston	3448	27055020200
Houston	2551	27055020300
Houston	3202	27055020500
Houston	3760	27055020900
Hubbard	4635	27057070100
Hubbard	2289	27057070200
Hubbard	1974	27057070300
Hubbard	2799	27057070400
Hubbard	3065	27057070500
Hubbard	3508	27057070600
Hubbard	2058	27057070700
Isanti	3532	27059130100
Isanti	3230	27059130200
Isanti	8687	27059130301
Isanti	2567	27059130302
Isanti	3780	27059130400
Isanti	4891	27059130501
Isanti	7182	27059130502
Isanti	3828	27059130600
Itasca	2559	27061480100
Itasca	4438	27061480300
Itasca	3522	27061480400
Itasca	2864	27061480500
Itasca	2440	27061480600
Itasca	5467	27061480700
Itasca	2131	27061480801
Itasca	6075	27061480802
Itasca	6734	27061480900
Itasca	5775	27061481000
Itasca	2544	27061940000
Jackson	2322	27063480100
Jackson	2162	27063480200
Jackson	2399	27063480300
Jackson	3225	27063480400
Kanabec	3429	27065480100
Kanabec	3857	27065480200
Kanabec	3656	27065480300
Kanabec	5086	27065480400
Kandiyohi	2804	27067770900
Kandiyohi	2526	27067780100
Kandiyohi	2340	27067780200
Kandiyohi	4278	27067780300
Kandiyohi	3736	27067780400
Kandiyohi	4746	27067780500
Kandiyohi	5063	27067780600
Kandiyohi	3922	27067780700
Kandiyohi	1926	27067780800
Kandiyohi	4910	27067781000
Kandiyohi	2629	27067781100
Kandiyohi	2755	27067781200
Kittson	2381	27069090100
Kittson	2020	27069090200
Koochiching	2211	27071790100
Koochiching	5403	27071790200
Koochiching	3123	27071790300
Koochiching	2330	27071790500
Lac Qui Parle	2218	27073180100
Lac Qui Parle	1927	27073180200
Lac Qui Parle	2900	27073180300
Lake	4589	27075370100
Lake	2282	27075370300
Lake	3770	27075370400
Lake of the Woods	1549	27077460300
Lake of the Woods	2406	27077460400
Le Sueur	6985	27079950100
Le Sueur	4447	27079950200
Le Sueur	4631	27079950300
Le Sueur	3571	27079950400
Le Sueur	4135	27079950500
Le Sueur	3794	27079950600
Lincoln	2920	27081201001
Lincoln	2769	27081201002
Lyon	3608	27083360100
Lyon	3308	27083360200
Lyon	4963	27083360300
Lyon	4501	27083360400
Lyon	4187	27083360500
Lyon	2830	27083360600
Lyon	2011	27083360700
McLeod	5296	27085950100
McLeod	4258	27085950200
McLeod	5627	27085950300
McLeod	7769	27085950400
McLeod	2890	27085950500
McLeod	4486	27085950600
McLeod	5605	27085950700
Mahnomen	2908	27087940100
Mahnomen	2519	27087940300
Marshall	2281	27089080100
Marshall	2288	27089080200
Marshall	2216	27089080300
Marshall	2574	27089080400
Martin	2893	27091790100
Martin	2666	27091790200
Martin	2393	27091790300
Martin	1926	27091790400
Martin	6260	27091790500
Martin	4253	27091790600
Meeker	5164	27093560100
Meeker	4834	27093560200
Meeker	3771	27093560300
Meeker	3143	27093560400
Meeker	3143	27093560500
Meeker	2844	27093560600
Mille Lacs	5201	27095170400
Mille Lacs	4193	27095170500
Mille Lacs	2849	27095170600
Mille Lacs	5350	27095170700
Mille Lacs	2179	27095970100
Mille Lacs	3033	27095970200
Mille Lacs	2633	27095970300
Morrison	2911	27097780100
Morrison	4104	27097780200
Morrison	5891	27097780300
Morrison	2623	27097780400
Morrison	4775	27097780500
Morrison	5383	27097780600
Morrison	2690	27097780700
Morrison	4410	27097780800
Mower	2115	27099000100
Mower	2625	27099000200
Mower	4893	27099000300
Mower	4636	27099000410
Mower	3010	27099000600
Mower	4040	27099000800
Mower	4289	27099000900
Mower	3629	27099001000
Mower	1877	27099001200
Mower	4384	27099001300
Mower	3345	27099001400
Murray	2005	27101900100
Murray	3238	27101900200
Murray	3278	27101900300
Nicollet	3322	27103480100
Nicollet	5437	27103480200
Nicollet	4496	27103480300
Nicollet	5918	27103480400
Nicollet	6672	27103480501
Nicollet	3058	27103480502
Nicollet	3669	27103480600
Nobles	2831	27105105100
Nobles	3144	27105105200
Nobles	2326	27105105300
Nobles	4729	27105105400
Nobles	3509	27105105500
Nobles	4691	27105105600
Norman	2629	27107960100
Norman	1891	27107960200
Norman	2112	27107960300
Olmsted	1222	27109000100
Olmsted	4709	27109000200
Olmsted	3069	27109000300
Olmsted	3039	27109000400
Olmsted	2804	27109000500
Olmsted	4169	27109000600
Olmsted	5754	27109000901
Olmsted	3319	27109000902
Olmsted	3049	27109000903
Olmsted	4750	27109001000
Olmsted	3209	27109001100
Olmsted	4779	27109001201
Olmsted	3738	27109001202
Olmsted	4917	27109001203
Olmsted	4558	27109001301
Olmsted	4569	27109001302
Olmsted	4497	27109001401
Olmsted	11165	27109001402
Olmsted	3076	27109001501
Olmsted	2113	27109001502
Olmsted	2375	27109001503
Olmsted	3977	27109001601
Olmsted	3149	27109001602
Olmsted	3633	27109001603
Olmsted	4494	27109001701
Olmsted	5017	27109001702
Olmsted	5018	27109001703
Olmsted	4962	27109001800
Olmsted	6928	27109001900
Olmsted	6773	27109002000
Olmsted	6057	27109002100
Olmsted	3901	27109002200
Olmsted	5310	27109002300
Otter Tail	2587	27111960102
Otter Tail	2020	27111960103
Otter Tail	3448	27111960300
Otter Tail	2092	27111960400
Otter Tail	5026	27111960500
Otter Tail	4416	27111960600
Otter Tail	2410	27111960700
Otter Tail	2912	27111960800
Otter Tail	5425	27111960900
Otter Tail	4408	27111961000
Otter Tail	4618	27111961100
Otter Tail	2442	27111961200
Otter Tail	3871	27111961300
Otter Tail	2268	27111961400
Otter Tail	3068	27111961500
Otter Tail	2235	27111961600
Otter Tail	3208	27111961700
Pennington	2441	27113090100
Pennington	2513	27113090200
Pennington	1907	27113090300
Pennington	3054	27113090400
Pennington	3876	27113090500
Pine	2464	27115950100
Pine	2677	27115950200
Pine	2956	27115950300
Pine	3764	27115950400
Pine	5048	27115950500
Pine	4190	27115950600
Pine	3247	27115950700
Pine	3462	27115950800
Pipestone	1580	27117460100
Pipestone	1958	27117460200
Pipestone	2167	27117460300
Pipestone	1640	27117460400
Pipestone	1934	27117460500
Polk	4896	27119020100
Polk	1194	27119020200
Polk	2639	27119020300
Polk	2138	27119020400
Polk	2705	27119020500
Polk	5509	27119020600
Polk	2209	27119020700
Polk	2360	27119020800
Polk	3832	27119020900
Polk	3436	27119021000
Pope	2432	27121970100
Pope	2666	27121970200
Pope	2398	27121970300
Pope	3270	27121970400
Ramsey	4352	27123030100
Ramsey	5239	27123030201
Ramsey	2095	27123030202
Ramsey	5238	27123030300
Ramsey	5811	27123030400
Ramsey	5621	27123030500
Ramsey	6096	27123030601
Ramsey	3951	27123030602
Ramsey	5078	27123030702
Ramsey	3761	27123030703
Ramsey	4124	27123030704
Ramsey	4954	27123030800
Ramsey	3695	27123030900
Ramsey	4056	27123031000
Ramsey	3556	27123031100
Ramsey	3001	27123031200
Ramsey	2579	27123031300
Ramsey	3376	27123031400
Ramsey	2176	27123031500
Ramsey	4636	27123031600
Ramsey	2633	27123031701
Ramsey	6767	27123031702
Ramsey	4864	27123031801
Ramsey	3770	27123031802
Ramsey	2327	27123031900
Ramsey	2766	27123032000
Ramsey	3217	27123032100
Ramsey	2658	27123032200
Ramsey	3370	27123032300
Ramsey	2604	27123032400
Ramsey	4797	27123032500
Ramsey	3000	27123032600
Ramsey	2651	27123032700
Ramsey	1557	27123033000
Ramsey	1447	27123033100
Ramsey	2496	27123033200
Ramsey	3094	27123033300
Ramsey	2999	27123033400
Ramsey	3441	27123033500
Ramsey	1455	27123033600
Ramsey	1412	27123033700
Ramsey	1920	27123033800
Ramsey	1721	27123033900
Ramsey	1444	27123034000
Ramsey	1774	27123034201
Ramsey	4704	27123034202
Ramsey	2058	27123034400
Ramsey	4245	27123034500
Ramsey	4453	27123034601
Ramsey	4145	27123034602
Ramsey	4264	27123034701
Ramsey	3934	27123034702
Ramsey	3765	27123034900
Ramsey	2822	27123035000
Ramsey	3340	27123035100
Ramsey	3376	27123035200
Ramsey	3954	27123035300
Ramsey	1860	27123035500
Ramsey	2691	27123035700
Ramsey	2778	27123035800
Ramsey	737	27123035900
Ramsey	2444	27123036000
Ramsey	1699	27123036100
Ramsey	3518	27123036300
Ramsey	3981	27123036400
Ramsey	3897	27123036500
Ramsey	4625	27123036600
Ramsey	4489	27123036700
Ramsey	2224	27123036800
Ramsey	1940	27123036900
Ramsey	2759	27123037000
Ramsey	4637	27123037100
Ramsey	6033	27123037200
Ramsey	3786	27123037402
Ramsey	6935	27123037403
Ramsey	5061	27123037500
Ramsey	3528	27123037601
Ramsey	5752	27123037602
Ramsey	6710	27123040100
Ramsey	1801	27123040200
Ramsey	1854	27123040301
Ramsey	5092	27123040302
Ramsey	3264	27123040401
Ramsey	5215	27123040402
Ramsey	2479	27123040502
Ramsey	3421	27123040503
Ramsey	4484	27123040504
Ramsey	5192	27123040601
Ramsey	5442	27123040603
Ramsey	7143	27123040604
Ramsey	6806	27123040703
Ramsey	5353	27123040704
Ramsey	4156	27123040705
Ramsey	4734	27123040706
Ramsey	4356	27123040707
Ramsey	2965	27123040801
Ramsey	1856	27123040802
Ramsey	4687	27123040803
Ramsey	2123	27123040901
Ramsey	4164	27123040902
Ramsey	3291	27123041001
Ramsey	3013	27123041002
Ramsey	2990	27123041103
Ramsey	2776	27123041104
Ramsey	5265	27123041105
Ramsey	3506	27123041106
Ramsey	5960	27123041107
Ramsey	3918	27123041200
Ramsey	3784	27123041301
Ramsey	3767	27123041302
Ramsey	5510	27123041400
Ramsey	4478	27123041500
Ramsey	5913	27123041601
Ramsey	3865	27123041602
Ramsey	2563	27123041700
Ramsey	3826	27123041800
Ramsey	3253	27123041900
Ramsey	2153	27123042001
Ramsey	2316	27123042002
Ramsey	5582	27123042101
Ramsey	4270	27123042102
Ramsey	1510	27123042201
Ramsey	5545	27123042202
Ramsey	2898	27123042301
Ramsey	4561	27123042302
Ramsey	5896	27123042401
Ramsey	5102	27123042402
Ramsey	5278	27123042501
Ramsey	3272	27123042503
Ramsey	3716	27123042504
Ramsey	4250	27123042601
Ramsey	1951	27123042602
Ramsey	5581	27123042700
Ramsey	2376	27123042800
Ramsey	3779	27123042900
Ramsey	6305	27123043000
Red Lake	1831	27125010100
Red Lake	2214	27125010200
Redwood	2865	27127750100
Redwood	3290	27127750200
Redwood	2018	27127750300
Redwood	2760	27127750400
Redwood	2767	27127750500
Redwood	1936	27127750600
Renville	3000	27129790100
Renville	1871	27129790200
Renville	1953	27129790300
Renville	2699	27129790400
Renville	3054	27129790500
Renville	2644	27129790600
Rice	6752	27131070100
Rice	5070	27131070200
Rice	4645	27131070300
Rice	4395	27131070400
Rice	4207	27131070501
Rice	3096	27131070503
Rice	3473	27131070504
Rice	3800	27131070601
Rice	5365	27131070602
Rice	4541	27131070700
Rice	7376	27131070800
Rice	5465	27131070901
Rice	3515	27131070902
Rock	2364	27133570100
Rock	3643	27133570200
Rock	3374	27133570300
Roseau	4169	27135970100
Roseau	2109	27135970200
Roseau	3659	27135970300
Roseau	3638	27135970400
Roseau	1812	27135970500
St Louis	4131	27137000100
St Louis	4272	27137000200
St Louis	6918	27137000300
St Louis	5052	27137000400
St Louis	3278	27137000500
St Louis	4710	27137000600
St Louis	2842	27137000700
St Louis	3851	27137000900
St Louis	2028	27137001000
St Louis	1389	27137001100
St Louis	1545	27137001200
St Louis	1768	27137001300
St Louis	2413	27137001400
St Louis	1680	27137001600
St Louis	1458	27137001700
St Louis	1936	27137001800
St Louis	1788	27137001900
St Louis	1322	27137002000
St Louis	990	27137002200
St Louis	4002	27137002300
St Louis	915	27137002400
St Louis	1988	27137002600
St Louis	1695	27137002900
St Louis	1255	27137003000
St Louis	2696	27137003300
St Louis	1298	27137003400
St Louis	1701	27137003600
St Louis	1811	27137003700
St Louis	2939	27137003800
St Louis	2702	27137010100
St Louis	1644	27137010200
St Louis	8532	27137010300
St Louis	3528	27137010400
St Louis	3749	27137010500
St Louis	6397	27137010600
St Louis	7288	27137011100
St Louis	3289	27137011200
St Louis	2072	27137011300
St Louis	2842	27137011400
St Louis	4580	27137012100
St Louis	1703	27137012200
St Louis	2375	27137012300
St Louis	4595	27137012400
St Louis	2905	27137012500
St Louis	4900	27137012600
St Louis	2312	27137012700
St Louis	2917	27137012800
St Louis	2064	27137013000
St Louis	2705	27137013100
St Louis	3681	27137013200
St Louis	3590	27137013300
St Louis	2967	27137013400
St Louis	1831	27137013500
St Louis	1963	27137013600
St Louis	1568	27137013800
St Louis	2395	27137013900
St Louis	2068	27137014000
St Louis	1417	27137014100
St Louis	2836	27137015100
St Louis	3342	27137015200
St Louis	3422	27137015300
St Louis	3090	27137015400
St Louis	3738	27137015500
St Louis	3138	27137015600
St Louis	4893	27137015700
St Louis	4038	27137015800
Scott	1988	27139080100
Scott	2372	27139080201
Scott	4611	27139080202
Scott	7524	27139080203
Scott	2952	27139080204
Scott	8099	27139080205
Scott	11044	27139080301
Scott	14634	27139080302
Scott	4093	27139080400
Scott	2197	27139080500
Scott	4444	27139080600
Scott	2602	27139080700
Scott	8117	27139080800
Scott	7253	27139080903
Scott	7400	27139080904
Scott	4940	27139080905
Scott	4703	27139080906
Scott	7941	27139081000
Scott	10551	27139081100
Scott	6059	27139081200
Scott	8256	27139081300
Sherburne	11278	27141030101
Sherburne	7288	27141030102
Sherburne	7408	27141030200
Sherburne	5973	27141030300
Sherburne	9389	27141030402
Sherburne	9302	27141030403
Sherburne	8427	27141030404
Sherburne	11263	27141030502
Sherburne	6058	27141030503
Sherburne	5002	27141030504
Sherburne	5956	27141031500
Sibley	4304	27143170198
Sibley	3544	27143170200
Sibley	3203	27143170300
Sibley	3940	27143170400
Stearns	3162	27145000301
Stearns	7580	27145000302
Stearns	5150	27145000401
Stearns	5346	27145000402
Stearns	7072	27145000500
Stearns	3718	27145000601
Stearns	3009	27145000602
Stearns	2752	27145000701
Stearns	3388	27145000801
Stearns	4646	27145000901
Stearns	7859	27145001001
Stearns	7575	27145010101
Stearns	7991	27145010102
Stearns	5645	27145010200
Stearns	3986	27145010401
Stearns	3712	27145010402
Stearns	3113	27145010403
Stearns	3626	27145010500
Stearns	4046	27145010600
Stearns	3523	27145010900
Stearns	3727	27145011000
Stearns	7079	27145011100
Stearns	6353	27145011200
Stearns	7897	27145011301
Stearns	6857	27145011302
Stearns	6342	27145011304
Stearns	4712	27145011400
Stearns	6398	27145011500
Stearns	3630	27145011600
Steele	4711	27147960100
Steele	5914	27147960200
Steele	6540	27147960300
Steele	4072	27147960400
Steele	2812	27147960500
Steele	3407	27147960600
Steele	5113	27147960700
Steele	3561	27147960800
Stevens	2319	27149480100
Stevens	4183	27149480200
Stevens	3135	27149480300
Swift	2444	27151960100
Swift	3183	27151960200
Swift	1644	27151960300
Swift	2198	27151960400
Todd	3046	27153790100
Todd	2653	27153790200
Todd	3044	27153790300
Todd	3507	27153790400
Todd	2526	27153790500
Todd	3749	27153790600
Todd	4122	27153790700
Todd	1835	27153790800
Traverse	2057	27155460100
Traverse	1358	27155460200
Wabasha	2864	27157490100
Wabasha	3139	27157490200
Wabasha	4047	27157490300
Wabasha	4210	27157490400
Wabasha	3683	27157490500
Wabasha	3388	27157490600
Wadena	3239	27159480100
Wadena	5609	27159480200
Wadena	4666	27159480300
Waseca	3294	27161790100
Waseca	2193	27161790200
Waseca	2700	27161790300
Waseca	6052	27161790400
Waseca	3699	27161790500
Washington	4701	27163070103
Washington	3198	27163070104
Washington	3872	27163070105
Washington	6769	27163070106
Washington	7554	27163070203
Washington	5983	27163070204
Washington	3957	27163070205
Washington	3487	27163070206
Washington	1687	27163070301
Washington	4856	27163070303
Washington	4723	27163070304
Washington	3967	27163070403
Washington	3491	27163070404
Washington	4398	27163070405
Washington	3664	27163070406
Washington	3594	27163070501
Washington	3960	27163070502
Washington	6629	27163070601
Washington	2761	27163070602
Washington	6396	27163070701
Washington	2946	27163070703
Washington	2966	27163070704
Washington	4687	27163070906
Washington	5305	27163070907
Washington	5718	27163070909
Washington	5267	27163070910
Washington	4303	27163070911
Washington	3095	27163070912
Washington	4595	27163071001
Washington	3440	27163071003
Washington	4434	27163071006
Washington	5256	27163071010
Washington	3047	27163071011
Washington	5359	27163071012
Washington	4645	27163071013
Washington	4267	27163071014
Washington	6404	27163071015
Washington	4461	27163071016
Washington	6315	27163071017
Washington	14333	27163071018
Washington	3541	27163071101
Washington	4568	27163071102
Washington	9769	27163071206
Washington	7275	27163071207
Washington	4987	27163071208
Washington	6279	27163071209
Washington	5282	27163071300
Washington	6831	27163071400
Watonwan	3519	27165950100
Watonwan	4566	27165950200
Watonwan	2951	27165950300
Wilkin	3149	27167950100
Wilkin	3291	27167950200
Winona	7526	27169670100
Winona	3290	27169670200
Winona	6258	27169670300
Winona	4236	27169670400
Winona	5649	27169670500
Winona	3908	27169670600
Winona	3715	27169670700
Winona	7501	27169670800
Winona	3673	27169670900
Winona	5094	27169671000
Wright	13129	27171100100
Wright	1367	27171100202
Wright	5471	27171100203
Wright	9104	27171100204
Wright	5290	27171100300
Wright	4796	27171100400
Wright	4673	27171100500
Wright	6161	27171100701
Wright	7862	27171100702
Wright	8746	27171100703
Wright	12742	27171100801
Wright	13823	27171100802
Wright	7324	27171100900
Wright	8270	27171101000
Wright	7726	27171101100
Wright	4115	27171101200
Wright	4815	27171101300
Yellow Medicine	3282	27173970100
Yellow Medicine	2344	27173970200
Yellow Medicine	2434	27173970300
Yellow Medicine	2042	27173970400
