geoid,lat,long
27001770100,46.7782120,-93.3467402
27001770200,46.8419986,-93.5700053
27001770300,46.5364479,-93.7605741
27001770400,46.4893722,-93.1906929
27001790501,46.3055115,-93.3664701
27001790502,46.3787004,-93.6715909
27003050107,45.3975083,-93.4354338
27003050108,45.3987946,-93.3276072
27003050109,45.3799760,-93.2077627
27003050110,45.3251979,-93.2435430
27003050111,45.3214035,-93.1682641
27003050114,45.3391120,-93.3652565
27003050115,45.3405302,-93.3009539
27003050116,45.3394948,-93.4621281
27003050208,45.2176226,-93.3098859
27003050210,45.2557379,-93.1128697
27003050215,45.2315016,-93.2397103
27003050216,45.2459945,-93.1760077
27003050217,45.2818591,-93.3089943
27003050218,45.2767827,-93.3770723
27003050219,45.2464944,-93.3612935
27003050220,45.2408953,-93.3299204
27003050221,45.2453044,-93.2883207
27003050222,45.2261559,-93.2866709
27003050223,45.2645106,-93.4931566
27003050224,45.2787172,-93.4659900
27003050225,45.2723916,-93.4100691
27003050226,45.2405010,-93.3985680
27003050227,45.2329980,-93.4100040
27003050228,45.2393866,-93.4564744
27003050229,45.1833340,-93.1306938
27003050230,45.1703987,-93.0383094
27003050232,45.1635151,-93.0542963
27003050233,45.2034108,-93.0912721
27003050234,45.2824128,-93.1755140
27003050235,45.2799997,-93.2390116
27003050236,45.1393262,-93.0745203
27003050237,45.1643270,-93.0872730
27003050401,45.2151598,-93.4015208
27003050402,45.2049252,-93.4060066
27003050501,45.1957414,-93.3845187
27003050504,45.1943977,-93.3721385
27003050505,45.2207644,-93.3755991
27003050602,45.1799771,-93.3250073
27003050605,45.1674858,-93.3389775
27003050606,45.1444184,-93.3043814
27003050607,45.1744720,-93.3298376
27003050608,45.1685657,-93.3049161
27003050609,45.1992755,-93.3484988
27003050610,45.1838261,-93.3556682
27003050702,45.1811469,-93.2793756
27003050704,45.1730932,-93.2888765
27003050706,45.1533472,-93.2718804
27003050707,45.2044780,-93.3125462
27003050709,45.1348158,-93.2895460
27003050710,45.1426072,-93.2838782
27003050711,45.1978857,-93.2785707
27003050712,45.1910336,-93.3129659
27003050805,45.2039509,-93.2410104
27003050806,45.1871859,-93.2479016
27003050807,45.1710039,-93.2500749
27003050808,45.1635270,-93.2597809
27003050809,45.1574380,-93.2486536
27003050810,45.1428972,-93.2514365
27003050811,45.1325165,-93.2525077
27003050813,45.1460459,-93.2098108
27003050816,45.1620436,-93.1551521
27003050818,45.1997205,-93.1947271
27003050819,45.1765803,-93.1818576
27003050820,45.1880875,-93.2228027
27003050821,45.1726029,-93.2226865
27003050901,45.1390636,-93.1721569
27003050902,45.1481148,-93.1424658
27003051001,45.1171750,-93.2355425
27003051002,45.1161606,-93.2560351
27003051101,45.1064311,-93.2730093
27003051102,45.0967016,-93.2537258
27003051103,45.0965121,-93.2367201
27003051201,45.0756057,-93.2730573
27003051202,45.0764137,-93.2547924
27003051203,45.0733059,-93.2358246
27003051206,45.0548280,-93.2719382
27003051302,45.0549485,-93.2396140
27003051304,45.0556043,-93.2607853
27003051305,45.0562990,-93.2532031
27003051400,45.0413860,-93.2603691
27003051501,45.0430467,-93.2452750
27003051502,45.0419136,-93.2333570
27003051600,45.3773685,-93.0786205
27005450100,46.8840424,-95.2783350
27005450200,46.8326773,-95.5326426
27005450300,46.8395322,-95.7211123
27005450400,46.8984992,-95.8726267
27005450500,46.8320244,-95.8394599
27005450600,46.7892768,-95.8386128
27005450700,46.7385735,-95.8379810
27005450800,46.8545174,-95.9870930
27005450900,46.9212346,-96.1215524
27005940000,47.0502970,-95.6578997
27007450100,47.4773130,-94.9969705
27007450200,47.5492696,-94.8664390
27007450300,47.6186497,-94.7723677
27007450400,47.7276377,-94.8398749
27007450500,48.3461613,-95.3146018
27007450600,47.4794273,-94.8755638
27007450701,47.4752331,-94.8135315
27007450702,47.4779490,-94.9009071
27007940001,48.0642645,-95.1829030
27007940002,47.4909818,-94.5535594
27009020100,45.6947187,-93.8375165
27009020202,45.7298908,-94.0375909
27009020203,45.7809593,-94.2081946
27009020205,45.6934449,-94.1728862
27009020206,45.6328341,-94.1642801
27009020300,45.5993053,-94.0180432
27009021101,45.6057863,-94.1617642
27009021102,45.5871290,-94.1505352
27009021200,45.5701555,-94.1226573
27011950100,45.3769553,-96.2855643
27011950200,45.4933906,-96.5858961
27011950300,45.2984910,-96.4294149
27013170100,44.1804946,-93.8354930
27013170200,44.1842385,-93.9415377
27013170300,44.1869534,-93.9932911
27013170400,44.1678023,-93.9730900
27013170500,44.1579935,-93.9579435
27013170600,44.1677066,-93.9945462
27013170700,44.1625919,-94.0082760
27013170800,44.1411259,-94.0198581
27013170900,44.1449065,-94.2588628
27013171000,44.0846977,-94.1950556
27013171101,44.1503704,-94.0014546
27013171202,44.1418860,-93.9792769
27013171300,44.0700922,-93.9327726
27013171400,43.9242657,-93.9184516
27013171500,43.9405423,-94.2112746
27013171600,44.1376342,-93.9941254
27015960101,44.3169346,-94.4575096
27015960102,44.3084255,-94.4354770
27015960200,44.2973383,-94.4618372
27015960300,44.3170732,-94.4729771
27015960400,44.3549267,-94.7355952
27015960500,44.2888451,-94.7119219
27015960600,44.1878066,-95.0102758
27015960700,44.1849091,-94.6400298
27017070100,46.7427777,-92.4548050
27017070200,46.6933879,-92.4392251
27017070300,46.7138310,-92.3607923
27017070400,46.5471796,-92.4396330
27017070500,46.5245726,-92.6613198
27017070600,46.6000988,-92.8829926
27017940000,46.7117269,-92.5851365
27019090100,44.9241109,-93.8079994
27019090200,44.8886364,-93.9530607
27019090301,44.8631564,-93.8433354
27019090302,44.8213196,-93.8000913
27019090401,44.8535615,-93.7264155
27019090402,44.8790447,-93.6619490
27019090501,44.8829486,-93.6024554
27019090502,44.8770114,-93.5826692
27019090503,44.8868095,-93.5637717
27019090601,44.8670638,-93.5311799
27019090602,44.8862559,-93.5351411
27019090701,44.8564629,-93.5658467
27019090702,44.8220804,-93.5464298
27019090800,44.8437720,-93.6312668
27019090900,44.8261000,-93.5831403
27019091000,44.7953508,-93.6220323
27019091100,44.7377617,-93.7046945
27019091201,44.7589316,-93.9403722
27019091202,44.7427854,-93.8222885
27021940001,47.0996730,-94.5371905
27021940002,47.3178259,-94.3363410
27021960100,47.0961781,-93.9148123
27021960200,46.9944973,-94.1707250
27021960301,46.9592220,-94.3716255
27021960302,46.8999754,-94.3519257
27021960600,46.8417144,-94.5237097
27021960700,46.6549875,-94.5823046
27021960801,46.3719629,-94.3756072
27021960802,46.4480759,-94.5611668
27023950300,44.8974318,-95.5669269
27023950400,44.9828492,-95.3669615
27023950500,45.0870280,-95.6443677
27023950600,44.9542623,-95.7402255
27025110100,45.6212270,-93.0447974
27025110200,45.6086512,-92.9166873
27025110301,45.5325909,-92.9583911
27025110302,45.4902960,-92.9629034
27025110401,45.3399525,-92.9682889
27025110402,45.4230438,-92.9703205
27025110501,45.4017366,-92.8504073
27025110502,45.3621665,-92.8530220
27025110600,45.3903577,-92.7868801
27025110700,45.4662220,-92.7434923
27027020100,46.8771635,-96.7430767
27027020202,46.8826204,-96.7664380
27027020300,46.8714029,-96.7667976
27027020400,46.8639026,-96.7590820
27027020500,46.8438533,-96.7760532
27027020600,46.8538675,-96.7481751
27027030102,46.8777952,-96.6903437
27027030103,46.8398836,-96.7416964
27027030104,46.7539347,-96.6634513
27027030106,46.9165961,-96.7563503
27027030107,47.0421465,-96.6586133
27027030201,46.9859484,-96.3534450
27027030202,46.7392252,-96.3540991
27029000100,47.5581793,-95.4580235
27029000200,47.3406362,-95.3601918
27029000300,47.7980659,-95.4096687
27031480100,47.9102035,-90.5638899
27031480200,47.7989370,-90.4463588
27031990000,47.5385711,-90.2901903
27033270100,44.0224340,-94.9835579
27033270200,44.1100042,-95.2841293
27033270300,43.9423068,-95.2858141
27033270400,43.8935626,-94.9926865
27035950100,46.6923668,-93.9287485
27035950204,46.6821871,-94.0621895
27035950400,46.5863875,-94.2243452
27035950501,46.4927743,-94.2779264
27035950502,46.5229395,-94.1260258
27035950700,46.5108590,-93.9531019
27035950800,46.4018771,-93.9941926
27035950900,46.4140986,-94.2326832
27035951000,46.3766692,-94.1732459
27035951100,46.3347038,-94.1853227
27035951200,46.3719925,-94.2222674
27035951301,46.3650478,-94.2855932
27035951302,46.3287270,-94.2709498
27035951400,46.2364920,-94.2094113
27035951600,46.2360156,-93.9256964
27035951700,46.7155680,-94.2394077
27037060101,44.9150824,-93.0768068
27037060102,44.9167656,-93.0964721
27037060103,44.8993733,-93.1035078
27037060104,44.8962723,-93.0899441
27037060105,44.8999796,-93.0752360
27037060201,44.9069520,-93.0614860
27037060202,44.9096090,-93.0524625
27037060301,44.8901223,-93.0332561
27037060302,44.8898791,-93.0557343
27037060401,44.8791281,-93.0397192
27037060402,44.8711040,-93.0262596
27037060502,44.8561121,-93.0287815
27037060503,44.8412143,-93.0258687
27037060505,44.8579065,-93.0763682
27037060506,44.8594320,-93.0570989
27037060507,44.8370571,-93.0533787
27037060508,44.8040094,-93.0680272
27037060509,44.8258381,-93.0147419
27037060603,44.9009162,-93.1216643
27037060604,44.8897427,-93.1444899
27037060605,44.8785223,-93.1590103
27037060606,44.8729856,-93.1170202
27037060709,44.7590705,-93.3168753
27037060710,44.7780002,-93.3059574
27037060711,44.7582405,-93.2810093
27037060713,44.7602474,-93.2664153
27037060714,44.7768957,-93.2365973
27037060716,44.8242729,-93.1831161
27037060717,44.8465359,-93.1281502
27037060721,44.8098213,-93.2166673
27037060725,44.8533989,-93.1863948
27037060726,44.8515016,-93.1638639
27037060727,44.8225723,-93.1531042
27037060728,44.8218025,-93.1264740
27037060729,44.8155000,-93.1624000
27037060730,44.8145276,-93.1277258
27037060731,44.7834015,-93.1423830
27037060732,44.7964495,-93.1123359
27037060733,44.7969404,-93.1825974
27037060734,44.7800162,-93.1950861
27037060735,44.8012565,-93.2044090
27037060737,44.7720530,-93.2718722
27037060738,44.7719887,-93.2541523
27037060739,44.7317228,-93.3202838
27037060741,44.7421818,-93.2604510
27037060742,44.7265211,-93.2666654
27037060743,44.7973599,-93.2256580
27037060744,44.7876283,-93.2188668
27037060745,44.7432480,-93.2881230
27037060746,44.7243910,-93.2905485
27037060747,44.7963821,-93.2371563
27037060748,44.7998731,-93.2675841
27037060749,44.8226345,-93.1992649
27037060750,44.8126041,-93.2022803
27037060805,44.7686333,-93.2119363
27037060806,44.7579782,-93.2317820
27037060811,44.7406643,-93.2347278
27037060812,44.7246681,-93.2316029
27037060813,44.7034713,-93.2991255
27037060814,44.7061645,-93.2722780
27037060815,44.6829511,-93.2732265
27037060816,44.7020502,-93.2489701
27037060817,44.7094662,-93.1899266
27037060818,44.6912226,-93.1997378
27037060819,44.7054047,-93.2311426
27037060820,44.6670970,-93.2769185
27037060821,44.6536045,-93.2352509
27037060822,44.7688950,-93.1987209
27037060823,44.7394617,-93.1938424
27037060824,44.7472738,-93.2122051
27037060825,44.7552618,-93.1783245
27037060826,44.7323517,-93.1647718
27037060828,44.7240603,-93.2085288
27037060829,44.7253742,-93.1862172
27037060902,44.6527784,-93.1882981
27037060904,44.6141351,-93.1452228
27037060905,44.6375155,-93.1026942
27037060906,44.6786635,-93.1902691
27037060907,44.6802398,-93.1534792
27037061001,44.6942846,-93.0026440
27037061003,44.7594163,-93.0527145
27037061004,44.7556775,-93.1398018
27037061005,44.7373522,-93.1449537
27037061007,44.7242245,-93.1444077
27037061008,44.7404243,-93.1271601
27037061009,44.7464475,-93.1058661
27037061102,44.7482675,-92.8814833
27037061105,44.7307173,-92.8597635
27037061106,44.7347973,-92.8866459
27037061107,44.7021519,-92.8778714
27037061108,44.7063172,-92.8208508
27037061401,44.6586921,-92.8026478
27037061402,44.5716298,-92.9238254
27037061501,44.5872188,-93.1674265
27037061502,44.5092230,-93.1692510
27039950100,44.1272105,-92.7704575
27039950200,44.0277647,-92.8605680
27039950300,44.0783411,-92.9726202
27039950400,43.9139771,-92.8289998
27039950500,44.0259972,-92.7427139
27041450100,46.0672949,-95.4445116
27041450200,45.8651562,-95.6628442
27041450500,45.9622261,-95.2396968
27041450600,45.8843312,-95.3380018
27041450701,45.8529469,-95.3824585
27041450702,45.9037328,-95.3859956
27041450800,45.8026640,-95.2520388
27041450900,45.8176140,-95.4936964
27041451000,45.9615411,-95.4384365
27043460100,43.7719597,-93.8494072
27043460200,43.7872056,-94.1071420
27043460300,43.6013730,-94.1378598
27043460400,43.6406215,-94.0941628
27043460500,43.5943188,-93.8381239
27043460600,43.7214594,-93.7007513
27045960100,43.7961142,-91.9120968
27045960200,43.7718259,-92.2463501
27045960300,43.6711353,-92.3920648
27045960400,43.6451348,-92.0870625
27045960500,43.5367794,-92.1495714
27045960600,43.6689716,-91.8338990
27047180100,43.7540700,-93.1800899
27047180200,43.7715418,-93.4939829
27047180300,43.5943961,-93.5198222
27047180400,43.6618908,-93.3817117
27047180500,43.6805734,-93.3676801
27047180600,43.6521321,-93.3357938
27047180700,43.5611661,-93.3119458
27047180800,43.6461311,-93.3867802
27047180900,43.6384226,-93.3777738
27047181000,43.5794458,-93.1789722
27049080101,44.5473903,-92.5495354
27049080102,44.5408282,-92.5329025
27049080200,44.5981046,-92.6392898
27049080300,44.4697856,-92.4367307
27049080400,44.4815461,-92.6764436
27049080500,44.4363492,-92.8955198
27049080600,44.5116734,-92.8933945
27049080700,44.2831542,-92.9183023
27049080800,44.2283577,-92.6803823
27049080900,44.3223981,-92.6827692
27051070100,46.0352094,-95.9761088
27051070200,45.8810867,-96.0220808
27053000101,45.0454803,-93.3086989
27053000102,45.0430125,-93.2895130
27053000300,45.0297772,-93.3135562
27053000601,45.0265568,-93.2503008
27053000603,45.0282496,-93.2316300
27053001100,45.0167956,-93.2422222
27053001700,45.0087925,-93.2668994
27053002200,45.0025363,-93.2902770
27053002400,45.0027673,-93.2691087
27053002700,44.9951749,-93.3133278
27053003200,44.9870203,-93.3140001
27053003300,44.9879981,-93.3032245
27053003800,44.9853195,-93.2415210
27053005901,44.9675516,-93.2601066
27053005902,44.9630452,-93.2644424
27053006800,44.9600129,-93.2829297
27053007700,44.9501550,-93.2874611
27053007801,44.9528750,-93.2749236
27053008100,44.9448465,-93.2932275
27053008200,44.9448417,-93.2830363
27053008300,44.9448508,-93.2741004
27053008400,44.9448631,-93.2664462
27053008500,44.9429041,-93.2572053
27053009500,44.9341650,-93.2650375
27053009600,44.9332465,-93.2587179
27053010600,44.9151125,-93.3136735
27053010700,44.9209836,-93.2929753
27053011000,44.9214885,-93.2549185
27053011703,44.9097702,-93.2543538
27053011704,44.8968023,-93.2557636
27053011800,44.9105751,-93.2348551
27053011998,44.9099064,-93.2145531
27053012001,44.8970126,-93.3054316
27053012003,44.8961089,-93.2768378
27053012101,44.8964948,-93.2349885
27053012102,44.8980612,-93.2152827
27053020101,45.0300335,-93.2176500
27053020102,45.0183999,-93.2124614
27053020200,45.0775123,-93.3049819
27053020301,45.0806715,-93.3284336
27053020302,45.0808139,-93.3444002
27053020303,45.0702160,-93.3392615
27053020304,45.0681230,-93.3205331
27053020400,45.0527908,-93.3280775
27053020500,45.0566236,-93.2983324
27053020600,45.0647231,-93.2929765
27053020700,45.0612067,-93.3515875
27053020801,45.0589237,-93.3698508
27053020804,45.0477118,-93.3651846
27053020902,45.0273048,-93.3619585
27053020903,45.0391293,-93.3594938
27053021001,45.0164261,-93.3644787
27053021002,45.0117928,-93.3587913
27053021100,45.0324121,-93.3488224
27053021200,45.0309110,-93.3279867
27053021300,45.0264261,-93.3394448
27053021400,45.0125951,-93.3273279
27053021501,45.0626903,-93.3899161
27053021502,45.0519544,-93.3874550
27053021503,45.0419547,-93.3854072
27053021504,45.0278261,-93.3849074
27053021505,45.0183526,-93.3926437
27053021601,44.9940079,-93.3931529
27053021602,44.9953916,-93.3661745
27053021700,45.0010460,-93.3344168
27053021800,44.9793014,-93.3329089
27053021900,44.9763417,-93.3725500
27053022000,44.9645560,-93.3467302
27053022101,44.9646507,-93.3649201
27053022102,44.9643397,-93.3773656
27053022200,44.9614613,-93.3907788
27053022301,44.9439811,-93.3937690
27053022302,44.9431218,-93.3864193
27053022400,44.9533964,-93.3685488
27053022700,44.9513237,-93.3526029
27053022801,44.9567715,-93.3371769
27053022802,44.9478954,-93.3394412
27053022901,44.9360616,-93.3372639
27053022902,44.9243410,-93.3449750
27053023000,44.9300360,-93.3618636
27053023100,44.9251864,-93.3350254
27053023200,44.9349150,-93.4027377
27053023300,44.9253837,-93.4160163
27053023400,44.9125314,-93.4096872
27053023501,44.9161616,-93.3723353
27053023502,44.9057021,-93.3841262
27053023600,44.9123154,-93.3407063
27053023700,44.8963304,-93.3658107
27053023801,44.8971829,-93.3397780
27053023802,44.8971317,-93.3241648
27053023901,44.8815480,-93.3663328
27053023902,44.8756256,-93.3872217
27053023903,44.8727609,-93.3672171
27053024003,44.8672296,-93.3410969
27053024004,44.8702122,-93.3255723
27053024005,44.8830038,-93.3228319
27053024006,44.8848615,-93.3359426
27053024100,44.8861845,-93.3075872
27053024200,44.8774179,-93.3079469
27053024300,44.8682182,-93.3105432
27053024400,44.8861104,-93.2839364
27053024500,44.8753835,-93.2864557
27053024600,44.8664107,-93.2865217
27053024700,44.8826022,-93.2660484
27053024801,44.8727014,-93.2661759
27053024802,44.8654852,-93.2662228
27053024901,44.8870956,-93.2529344
27053024902,44.8781528,-93.2537046
27053024903,44.8664181,-93.2523190
27053025100,44.8512209,-93.2259882
27053025201,44.8533340,-93.2574406
27053025205,44.8388919,-93.2590532
27053025301,44.8221055,-93.2560623
27053025302,44.8209346,-93.2797682
27053025401,44.8512825,-93.2758400
27053025403,44.8323978,-93.2771880
27053025601,44.8473555,-93.3012452
27053025603,44.8502544,-93.3133536
27053025605,44.8501070,-93.3404614
27053025701,44.8298636,-93.3408706
27053025702,44.8296656,-93.3152170
27053025801,44.8137141,-93.2958747
27053025802,44.8094503,-93.3105637
27053025803,44.8091438,-93.3321280
27053025805,44.7988615,-93.3197503
27053025903,44.8244544,-93.3573406
27053025905,44.8491328,-93.3835192
27053025906,44.8305236,-93.3699056
27053025907,44.8007557,-93.3812157
27053026005,44.8767314,-93.4707148
27053026006,44.8755510,-93.4614253
27053026007,44.8767549,-93.4185809
27053026013,44.8864420,-93.5007811
27053026014,44.8699190,-93.5037958
27053026015,44.8461440,-93.4716695
27053026016,44.8296805,-93.4153561
27053026018,44.8108394,-93.4574199
27053026019,44.8542398,-93.4411070
27053026020,44.8492036,-93.4144603
27053026021,44.8496493,-93.5058947
27053026022,44.8316585,-93.4899770
27053026101,44.9369256,-93.4395914
27053026103,44.9172779,-93.4383808
27053026104,44.9028714,-93.4212097
27053026201,44.9184536,-93.4997713
27053026202,44.9292825,-93.4686454
27053026205,44.9104463,-93.4893437
27053026206,44.9150217,-93.4653677
27053026207,44.9016935,-93.5093500
27053026208,44.9003114,-93.4672958
27053026301,44.9638463,-93.4707333
27053026302,44.9408970,-93.4877903
27053026402,44.9574840,-93.4088522
27053026403,44.9750675,-93.4341794
27053026404,44.9568100,-93.4383920
27053026505,45.0130733,-93.4426819
27053026507,44.9854835,-93.4319707
27053026508,45.0508328,-93.4363308
27053026509,45.0391187,-93.4418386
27053026510,45.0424714,-93.4120557
27053026511,45.0267927,-93.4116110
27053026512,45.0127510,-93.4114688
27053026514,45.0089012,-93.4599152
27053026605,45.0238161,-93.5134680
27053026606,45.0001715,-93.5150355
27053026609,44.9866293,-93.4723560
27053026610,44.9976446,-93.4947973
27053026611,45.0084242,-93.4854990
27053026612,45.0475889,-93.4672603
27053026613,45.0484601,-93.5001815
27053026702,45.1177236,-93.3993940
27053026706,45.1471737,-93.4121515
27053026707,45.1472558,-93.4281203
27053026708,45.1292997,-93.4713746
27053026710,45.1060517,-93.4295818
27053026711,45.0776697,-93.4531085
27053026712,45.0797986,-93.4385545
27053026713,45.0812558,-93.4139708
27053026714,45.1258249,-93.4986452
27053026715,45.0819459,-93.4994512
27053026716,45.0938514,-93.4823473
27053026807,45.0846912,-93.3890847
27053026809,45.0716906,-93.3604254
27053026810,45.0984345,-93.3494302
27053026811,45.0946960,-93.3316441
27053026812,45.1324634,-93.3793443
27053026814,45.0988606,-93.3102718
27053026815,45.0965732,-93.2901971
27053026816,45.1051368,-93.3739806
27053026818,45.0861402,-93.3690595
27053026819,45.0857044,-93.3559512
27053026820,45.1364076,-93.3315212
27053026822,45.1146457,-93.3151306
27053026823,45.1178670,-93.3423425
27053026903,45.1909946,-93.4093036
27053026906,45.1671543,-93.3671351
27053026907,45.1659020,-93.4146653
27053026908,45.1591427,-93.3760773
27053026909,45.1857826,-93.5834955
27053026910,45.1890881,-93.4715751
27053027001,45.0940647,-93.6907756
27053027002,45.0155762,-93.7109633
27053027101,45.0289311,-93.5945030
27053027102,45.1067871,-93.5779029
27053027201,44.9738808,-93.5915784
27053027202,44.9841337,-93.5694186
27053027203,44.9360618,-93.5832206
27053027300,44.9699225,-93.5123961
27053027400,44.9428250,-93.5235363
27053027501,44.9115541,-93.5573736
27053027503,44.9049008,-93.6178043
27053027504,44.8964689,-93.5536364
27053027601,44.9458840,-93.6590025
27053027602,44.9213861,-93.6553511
27053027700,44.9447681,-93.7279002
27053100200,45.0360622,-93.3059772
27053100400,45.0285888,-93.2950795
27053100500,45.0258747,-93.2709248
27053100700,45.0186675,-93.3133625
27053100800,45.0186292,-93.3025613
27053100900,45.0175949,-93.2872546
27053101200,45.0131727,-93.2310995
27053101300,45.0098845,-93.3117573
27053101600,45.0101382,-93.2841255
27053101800,45.0121694,-93.2546962
27053101900,45.0095663,-93.2422522
27053102000,45.0038655,-93.3142464
27053102100,45.0029042,-93.3003574
27053102300,44.9986375,-93.2809123
27053102500,45.0029873,-93.2534279
27053102600,45.0031492,-93.2279819
27053102800,44.9961052,-93.3031612
27053102900,44.9955520,-93.2925818
27053103000,44.9954229,-93.2676738
27053103100,44.9956081,-93.2528247
27053103400,44.9862752,-93.2927796
27053103600,44.9887681,-93.2596056
27053103700,44.9871608,-93.2508516
27053103900,44.9826130,-93.2350036
27053104000,44.9919071,-93.2208809
27053104100,44.9803177,-93.3038342
27053104400,44.9747690,-93.2743020
27053104800,44.9695244,-93.2412190
27053104900,44.9730356,-93.2310241
27053105100,44.9726602,-93.3140888
27053105201,44.9705652,-93.2840615
27053105204,44.9690156,-93.2755538
27053105400,44.9710926,-93.2632120
27053105500,44.9683365,-93.2953733
27053105600,44.9654007,-93.2831073
27053105700,44.9646599,-93.2739292
27053106000,44.9625323,-93.2537455
27053106200,44.9619946,-93.2404278
27053106400,44.9619810,-93.2258419
27053106500,44.9572638,-93.3150267
27053106600,44.9561320,-93.2993609
27053106700,44.9571646,-93.2916842
27053106900,44.9590767,-93.2738024
27053107000,44.9546343,-93.2829632
27053107400,44.9508032,-93.2280411
27053107500,44.9564811,-93.2306983
27053107600,44.9475792,-93.2107792
27053108000,44.9444245,-93.3014752
27053108600,44.9433141,-93.2459630
27053108700,44.9399600,-93.2373929
27053108800,44.9423387,-93.2285374
27053108900,44.9405882,-93.2196297
27053109000,44.9388096,-93.2082913
27053109100,44.9357483,-93.3156827
27053109200,44.9383072,-93.2924425
27053109300,44.9377163,-93.2813800
27053109400,44.9377499,-93.2710721
27053109700,44.9365569,-93.2491923
27053109800,44.9260023,-93.3239612
27053109900,44.9330602,-93.2990328
27053110000,44.9304996,-93.2710511
27053110100,44.9302123,-93.2482858
27053110200,44.9297317,-93.2345094
27053110400,44.9300304,-93.2192128
27053110500,44.9225103,-93.2082804
27053110800,44.9214261,-93.2814329
27053110900,44.9214985,-93.2685570
27053111100,44.9210857,-93.2406928
27053111200,44.9115973,-93.3239407
27053111300,44.9072985,-93.3093354
27053111400,44.9080472,-93.2941751
27053111500,44.9068451,-93.2815727
27053111600,44.9097593,-93.2686610
27053122500,44.9427628,-93.3744002
27053122600,44.9439871,-93.3640584
27053125500,44.8453252,-93.2904665
27053125600,44.9682849,-93.2164738
27053125700,45.0095917,-93.3012670
27053125800,44.9537451,-93.2575163
27053125900,44.9534721,-93.2470020
27053126000,44.9539095,-93.2672902
27053126100,44.9780582,-93.2610717
27053126200,44.9858382,-93.2804879
27053980000,44.8791989,-93.2250862
27055020100,43.8193701,-91.2871483
27055020200,43.7469418,-91.3835210
27055020300,43.7642995,-91.6064073
27055020500,43.6271397,-91.4996269
27055020900,43.5795767,-91.4953334
27057070100,47.3180693,-94.8946321
27057070200,47.0994036,-95.0135965
27057070300,47.1142638,-94.7852507
27057070400,46.9527668,-94.7930128
27057070500,46.8541691,-95.1252216
27057070600,46.9184360,-95.0622791
27057070700,46.8754271,-94.8204026
27059130100,45.6583895,-93.3800130
27059130200,45.6666528,-93.1873421
27059130301,45.5519372,-93.2274695
27059130302,45.5857143,-93.2105702
27059130400,45.4849194,-93.1094706
27059130501,45.4794177,-93.2953746
27059130502,45.4967637,-93.2436736
27059130600,45.4935966,-93.4457378
27061480100,47.7388193,-93.9391463
27061480300,47.4301823,-93.6439180
27061480400,47.7527658,-93.3667761
27061480500,47.4642212,-93.1446249
27061480600,47.1593899,-93.2326252
27061480700,47.1202663,-93.6309477
27061480801,47.1673342,-93.4978005
27061480802,47.2118822,-93.5220949
27061480900,47.2764254,-93.5068802
27061481000,47.3316308,-93.2912643
27061940000,47.5492032,-94.1712244
27063480100,43.7048164,-95.0041744
27063480200,43.6961890,-95.3459657
27063480300,43.5824696,-95.1856382
27063480400,43.6208726,-94.9919012
27065480100,46.0601268,-93.2261285
27065480200,45.8830392,-93.4217611
27065480300,45.8854201,-93.2931399
27065480400,45.8051307,-93.2571453
27067770900,45.1078979,-95.0472108
27067780100,45.3020835,-94.8682456
27067780200,45.3216189,-95.1270286
27067780300,45.2820315,-94.9497887
27067780400,45.1677412,-94.9456191
27067780500,45.1439433,-95.0512330
27067780600,45.1459725,-95.1331967
27067780700,45.1122736,-95.0810351
27067780800,45.1201057,-95.0433526
27067781000,45.1128811,-95.0257505
27067781100,45.0015318,-94.8657906
27067781200,44.9808605,-95.1286970
27069090100,48.7696190,-96.6036215
27069090200,48.7842748,-96.9774581
27071790100,48.5729745,-93.3965828
27071790200,48.5720099,-93.4255769
27071790300,48.2825823,-93.3111737
27071790500,48.1997355,-93.9378651
27073180100,45.0811124,-96.1150928
27073180200,44.9974485,-96.2983605
27073180300,44.9133628,-95.9522259
27075370100,47.6501047,-91.4484889
27075370300,47.2837380,-91.2960510
27075370400,47.0329964,-91.6692029
27075990100,47.1320244,-91.2855592
27077460300,48.5974535,-94.6005910
27077460400,48.7996704,-94.9708562
27079950100,44.4760568,-93.7397102
27079950200,44.4451971,-93.8965355
27079950300,44.3777794,-93.5976930
27079950400,44.2427326,-93.6392394
27079950500,44.3096469,-93.7267651
27079950600,44.3053829,-93.9072501
27081201001,44.4822013,-96.2712026
27081201002,44.2607134,-96.2721881
27083360100,44.5797926,-95.8594542
27083360200,44.4528612,-95.8371295
27083360300,44.4443590,-95.8095424
27083360400,44.4333749,-95.7618815
27083360500,44.4666057,-95.7771145
27083360600,44.2743061,-95.8446968
27083360700,44.2382404,-95.6118905
27085950100,44.9276154,-94.1401109
27085950200,44.9303543,-94.4433983
27085950300,44.8707429,-94.3513586
27085950400,44.8965521,-94.3763410
27085950500,44.7209777,-94.3861478
27085950600,44.8082124,-94.1215998
27085950700,44.7706226,-94.1443363
27087940100,47.3696860,-95.9515600
27087940300,47.3082596,-95.7162464
27089080100,48.3536168,-95.9440702
27089080200,48.3626374,-96.4432081
27089080300,48.4057325,-96.9221035
27089080400,48.2466428,-96.7870656
27091790100,43.7970937,-94.5627567
27091790200,43.7152483,-94.5500499
27091790300,43.6272045,-94.5624711
27091790400,43.5435940,-94.5781660
27091790500,43.6372053,-94.4828491
27091790600,43.6612384,-94.4443183
27093560100,45.1368168,-94.3069741
27093560200,45.1397700,-94.4395832
27093560300,45.1232377,-94.5092430
27093560400,45.1407254,-94.5337841
27093560500,45.1162907,-94.5904641
27093560600,45.1156263,-94.7055209
27095170400,45.7637483,-93.5717886
27095170500,45.7818523,-93.6965909
27095170600,45.6085340,-93.6403354
27095170700,45.5860705,-93.5808816
27095970100,46.2070500,-93.4884181
27095970200,46.1208037,-93.7410914
27095970300,45.9892828,-93.5984240
27097780100,46.2005293,-94.5663925
27097780200,46.0954831,-94.4847771
27097780300,45.9904146,-94.2575233
27097780400,46.0991098,-93.9777725
27097780500,45.9040004,-93.9839548
27097780600,45.9668173,-94.3566578
27097780700,45.9817175,-94.3792296
27097780800,45.8549930,-94.5030845
27099000100,43.6888362,-92.9714388
27099000200,43.6681322,-92.9984056
27099000300,43.6744537,-92.9841667
27099000410,43.6598427,-92.9658200
27099000600,43.6630455,-92.9491841
27099000800,43.6582609,-92.9809738
27099000900,43.6558785,-93.0216399
27099001000,43.6418299,-92.8593395
27099001200,43.7823405,-92.8408387
27099001300,43.5513888,-92.7559793
27099001400,43.7083881,-92.5688052
27101900100,44.1163165,-95.7941421
27101900200,43.9263750,-95.8667550
27101900300,43.9858640,-95.5924985
27103480100,44.3699184,-94.4175865
27103480200,44.3345113,-94.1174932
27103480300,44.3394843,-93.9627742
27103480400,44.3094034,-93.9817859
27103480501,44.1720351,-94.0467272
27103480502,44.1939327,-94.0469023
27103480600,44.1759693,-94.0123975
27105105100,43.7253796,-95.6233171
27105105200,43.7153825,-95.9213873
27105105300,43.5507804,-95.7436822
27105105400,43.6532164,-95.5799377
27105105500,43.6063799,-95.5827425
27105105600,43.6096676,-95.6161325
27107960100,47.3133175,-96.2534600
27107960200,47.3646957,-96.6814566
27107960300,47.2415860,-96.5348873
27109000100,44.0224337,-92.4635362
27109000200,44.0173175,-92.4380925
27109000300,44.0128869,-92.4558542
27109000400,44.0143837,-92.4750496
27109000500,44.0259810,-92.4789239
27109000600,44.0356290,-92.4730062
27109000901,44.0001509,-92.4013450
27109000902,43.9815569,-92.4210857
27109000903,43.9683829,-92.3778944
27109001000,43.9934148,-92.4535485
27109001100,43.9940587,-92.4721433
27109001201,44.0122881,-92.4992982
27109001202,43.9777804,-92.4774657
27109001203,43.9775874,-92.5326089
27109001301,44.0320114,-92.5145300
27109001302,44.0278939,-92.5372983
27109001401,44.0494658,-92.5058586
27109001402,44.0753009,-92.5357146
27109001501,44.0568872,-92.4862329
27109001502,44.0471474,-92.4801923
27109001503,44.0529070,-92.4703395
27109001601,44.0460313,-92.4554333
27109001602,44.0504484,-92.4436090
27109001603,44.0793065,-92.3942625
27109001701,44.0717195,-92.4962249
27109001702,44.0710523,-92.4802326
27109001703,44.0940662,-92.4829135
27109001800,44.0353311,-92.6507570
27109001900,44.1324233,-92.5263781
27109002000,43.9773296,-92.1988506
27109002100,43.8546778,-92.4927469
27109002200,43.9204207,-92.5430638
27109002300,44.0390229,-92.3848544
27111960102,46.6783352,-95.4699923
27111960103,46.6754885,-95.9796814
27111960300,46.5796891,-96.1459433
27111960400,46.5931869,-95.8251661
27111960500,46.5761185,-95.3870367
27111960600,46.5032358,-95.4212250
27111960700,46.5039189,-95.9271336
27111960800,46.3820153,-96.0796479
27111960900,46.2932079,-96.1099115
27111961000,46.2406019,-96.0497177
27111961100,46.3034294,-96.0273472
27111961200,46.3214835,-95.7908222
27111961300,46.3403211,-95.3826671
27111961400,46.4048966,-95.5841195
27111961500,46.2022919,-95.3714922
27111961600,46.1877841,-95.7183533
27111961700,46.2044580,-96.0705365
27113090100,48.0779131,-95.8629662
27113090200,48.1353494,-96.1714994
27113090300,48.0531157,-96.3167828
27113090400,48.1128670,-96.1946817
27113090500,48.0973535,-96.1421083
27115950100,46.3168756,-92.5362327
27115950200,46.3368082,-92.9178098
27115950300,46.2042474,-92.8108014
27115950400,46.0624089,-92.6005642
27115950500,46.0143881,-92.9856418
27115950600,45.8431484,-92.8665781
27115950700,45.8512058,-92.9610447
27115950800,45.8204648,-93.0602116
27117460100,44.1070383,-96.2587419
27117460200,43.9963770,-96.3036196
27117460300,43.9966843,-96.3322586
27117460400,43.9325719,-96.3210585
27117460500,43.9311963,-96.1307006
27119020100,47.9496738,-97.0201498
27119020200,47.9240459,-96.9957883
27119020300,47.9026241,-96.9967205
27119020400,48.0143229,-96.7729240
27119020500,47.6782734,-96.6838076
27119020600,47.7860742,-96.6070517
27119020700,47.7594464,-96.6030789
27119020800,47.6583632,-96.3648327
27119020900,47.6223368,-96.0051745
27119021000,47.6948179,-95.6873305
27121970100,45.6104553,-95.2429442
27121970200,45.6828956,-95.5033882
27121970300,45.5441081,-95.5673675
27121970400,45.6286744,-95.4453550
27123030100,44.9809206,-93.1922514
27123030201,44.9838363,-93.1592497
27123030202,44.9767007,-93.1501854
27123030300,44.9827640,-93.1355098
27123030400,44.9854861,-93.1166713
27123030500,44.9826596,-93.0972932
27123030601,44.9850436,-93.0811825
27123030602,44.9878126,-93.0616634
27123030702,44.9856263,-93.0127893
27123030703,44.9879103,-93.0341785
27123030704,44.9794223,-93.0343533
27123030800,44.9760452,-93.1154874
27123030900,44.9743649,-93.0819493
27123031000,44.9761630,-93.0708334
27123031100,44.9779708,-93.0570567
27123031200,44.9703403,-93.1356392
27123031300,44.9678313,-93.1152829
27123031400,44.9692738,-93.0989379
27123031500,44.9668798,-93.0763734
27123031600,44.9704777,-93.0574214
27123031701,44.9659236,-93.0519644
27123031702,44.9709006,-93.0376071
27123031801,44.9694392,-93.0263522
27123031802,44.9707805,-93.0133617
27123031900,44.9679779,-93.1900647
27123032000,44.9627325,-93.1754780
27123032100,44.9636057,-93.1669001
27123032200,44.9618615,-93.1599952
27123032300,44.9619037,-93.1518198
27123032400,44.9633349,-93.1368803
27123032500,44.9579934,-93.1365039
27123032600,44.9606179,-93.1213027
27123032700,44.9599665,-93.1113116
27123033000,44.9601733,-93.0840057
27123033100,44.9615928,-93.0708044
27123033200,44.9594035,-93.1958624
27123033300,44.9503917,-93.1841258
27123033400,44.9514608,-93.1609891
27123033500,44.9529619,-93.1366771
27123033600,44.9529435,-93.1206839
27123033700,44.9529014,-93.1109845
27123033800,44.9483983,-93.1396392
27123033900,44.9487020,-93.1268681
27123034000,44.9482002,-93.1142317
27123034201,44.9467170,-93.0910381
27123034202,44.9505688,-93.0942629
27123034400,44.9498969,-93.0701378
27123034500,44.9550190,-93.0601736
27123034601,44.9522625,-93.0521516
27123034602,44.9570592,-93.0377445
27123034701,44.9550080,-93.0242857
27123034702,44.9562948,-93.0103341
27123034900,44.9407135,-93.1874748
27123035000,44.9440781,-93.1750779
27123035100,44.9378119,-93.1746526
27123035200,44.9404190,-93.1619072
27123035300,44.9413507,-93.1517102
27123035500,44.9450586,-93.1209816
27123035700,44.9364604,-93.1373039
27123035800,44.9414799,-93.1194245
27123035900,44.9410319,-93.1103192
27123036000,44.9316858,-93.1116714
27123036100,44.9348519,-93.0610942
27123036300,44.9253263,-93.1834388
27123036400,44.9270129,-93.1721143
27123036500,44.9269807,-93.1619328
27123036600,44.9228387,-93.1518770
27123036700,44.9188205,-93.1403190
27123036800,44.9274047,-93.1322669
27123036900,44.9287554,-93.1232707
27123037000,44.9219471,-93.1079729
27123037100,44.9334865,-93.0921746
27123037200,44.9239055,-93.0769475
27123037402,44.9443564,-93.0243436
27123037403,44.9262045,-93.0124962
27123037500,44.9127520,-93.1710790
27123037601,44.9052684,-93.1881240
27123037602,44.8976918,-93.1645540
27123040100,45.1150726,-93.0093805
27123040200,45.0824037,-92.9929275
27123040301,45.0680000,-93.0082259
27123040302,45.0595609,-93.0039546
27123040401,45.0538472,-93.0144855
27123040402,45.0467215,-93.0099102
27123040502,45.0918410,-93.0129158
27123040503,45.0662063,-93.0400837
27123040504,45.0875004,-93.0402491
27123040601,45.1048397,-93.1010646
27123040603,45.0750650,-93.0812680
27123040604,45.0489541,-93.0742172
27123040703,45.0737100,-93.1326498
27123040704,45.0486902,-93.1244540
27123040705,45.1140928,-93.1703139
27123040706,45.1150774,-93.1357808
27123040707,45.1005080,-93.1448631
27123040801,45.0882972,-93.1650812
27123040802,45.0603454,-93.1631530
27123040803,45.0498442,-93.1739764
27123040901,45.1159792,-93.2014336
27123040902,45.0997530,-93.1967363
27123041001,45.1158606,-93.2190857
27123041002,45.0977757,-93.2179434
27123041103,45.0410072,-93.2210698
27123041104,45.0775037,-93.2212647
27123041105,45.0772216,-93.1997282
27123041106,45.0591323,-93.2170206
27123041107,45.0438847,-93.2003025
27123041200,45.0580812,-93.1966702
27123041301,45.0042436,-93.1809409
27123041302,45.0323690,-93.1899860
27123041400,45.0225560,-93.1575917
27123041500,45.0226859,-93.1305995
27123041601,45.0225549,-93.1155851
27123041602,45.0031813,-93.1134398
27123041700,45.0021786,-93.1405520
27123041800,45.0022457,-93.1553151
27123041900,44.9957049,-93.1726609
27123042001,44.9884531,-93.1812777
27123042002,44.9944072,-93.2031343
27123042101,45.0280770,-93.0962761
27123042102,45.0257743,-93.0735167
27123042201,44.9978705,-93.0974194
27123042202,45.0009278,-93.0742360
27123042301,45.0221658,-93.0502438
27123042302,45.0029376,-93.0553924
27123042401,45.0271315,-93.0216854
27123042402,44.9953981,-93.0101143
27123042501,44.9658899,-92.9927595
27123042503,44.9085225,-92.9936988
27123042504,44.9368040,-92.9944068
27123042601,45.0195924,-93.0037072
27123042602,45.0188665,-92.9909705
27123042700,45.0051257,-92.9997619
27123042800,44.9569236,-93.0994839
27123042900,44.9427314,-93.1376753
27123043000,44.9370091,-93.1969939
27123980000,44.9025369,-93.0267923
27125010100,47.8555722,-95.9955876
27125010200,47.9162262,-96.2991958
27127750100,44.4066289,-95.0044734
27127750200,44.5506604,-95.0789705
27127750300,44.5358545,-95.1537344
27127750400,44.4635974,-95.2397315
27127750500,44.3867163,-95.4792830
27127750600,44.2442818,-95.2925977
27129790100,44.7973476,-94.6151999
27129790200,44.7798353,-94.8779055
27129790300,44.8120120,-95.2739754
27129790400,44.6505783,-95.0835406
27129790500,44.7667802,-95.0459799
27129790600,44.5931919,-94.7412529
27131070100,44.5080624,-93.4126058
27131070200,44.4239631,-93.2716854
27131070300,44.2455950,-93.4698917
27131070400,44.2763450,-93.2026288
27131070501,44.4597413,-93.1487544
27131070503,44.4386536,-93.1508488
27131070504,44.4363650,-93.1720516
27131070601,44.4639286,-93.1665449
27131070602,44.4463282,-93.1963282
27131070700,44.3031675,-93.2482642
27131070800,44.2714402,-93.2773603
27131070901,44.3140974,-93.2904522
27131070902,44.2879753,-93.2934983
27133570100,43.7271278,-96.2709381
27133570200,43.6615176,-96.2272514
27133570300,43.5656685,-96.2169196
27135970100,48.9308111,-95.5212551
27135970200,48.8544072,-96.0990046
27135970300,48.8502699,-95.7547372
27135970400,48.7319525,-95.4314500
27135970500,48.6372596,-96.0543569
27137000100,46.8534707,-92.0597630
27137000200,46.8592463,-91.9859502
27137000300,46.8242235,-92.1671467
27137000400,46.8373115,-92.1213374
27137000500,46.8339310,-92.0747469
27137000600,46.8298508,-92.0339165
27137000700,46.8181453,-92.0530406
27137000900,46.8054165,-92.1016333
27137001000,46.8115471,-92.0779173
27137001100,46.8055147,-92.0626887
27137001200,46.7995404,-92.0935178
27137001300,46.8028104,-92.0875284
27137001400,46.8020848,-92.0697608
27137001600,46.7936314,-92.0992875
27137001700,46.7954965,-92.0866383
27137001800,46.7886400,-92.1111754
27137001900,46.7813122,-92.0990310
27137002000,46.7761948,-92.1164759
27137002200,46.7429316,-92.0645557
27137002300,46.7777811,-92.1598687
27137002400,46.7724068,-92.1353368
27137002600,46.7632277,-92.1476929
27137002900,46.7428233,-92.2046930
27137003000,46.7461788,-92.1803404
27137003300,46.7342238,-92.1847321
27137003400,46.7246463,-92.1827534
27137003600,46.7141896,-92.2152605
27137003700,46.6880598,-92.2152859
27137003800,46.6735181,-92.2406084
27137010100,46.7433350,-92.2269456
27137010200,46.7215526,-92.2632495
27137010300,46.8018763,-92.2328641
27137010400,46.9089005,-92.1322246
27137010500,46.9461649,-91.9069399
27137010600,47.0375749,-92.0134371
27137011100,46.9097929,-92.4150369
27137011200,46.9029108,-92.7426826
27137011300,47.1793803,-92.7967667
27137011400,47.3351450,-92.0991250
27137012100,47.3952520,-92.9469478
27137012200,47.4506583,-92.9376965
27137012300,47.4261085,-92.9316949
27137012400,47.4224879,-92.9121696
27137012500,47.4116799,-92.9433257
27137012600,47.4875295,-92.8794006
27137012700,47.5107658,-92.7482672
27137012800,47.5241970,-92.6230224
27137013000,47.5342186,-92.5544258
27137013100,47.5180159,-92.5344214
27137013200,47.5291334,-92.5190789
27137013300,47.4751906,-92.5494719
27137013400,47.4113725,-92.5636626
27137013500,47.4864325,-92.4472449
27137013600,47.5030359,-92.3571865
27137013800,47.5313598,-92.2407305
27137013900,47.5648530,-92.2085086
27137014000,47.5677504,-92.0995048
27137014100,47.6431046,-91.9283361
27137015100,47.7118237,-92.8998669
27137015200,47.7454252,-92.5191163
27137015300,47.9069352,-91.8519718
27137015400,47.8454250,-91.9738056
27137015500,48.1930819,-92.5640430
27137015600,46.7629801,-92.1159386
27137015700,46.8182669,-92.0834007
27137015800,46.7298510,-92.1540004
27137990100,46.8109462,-91.9179755
27139080100,44.7791951,-93.3392301
27139080201,44.7771754,-93.3770505
27139080202,44.7563686,-93.3773134
27139080203,44.7566478,-93.3436145
27139080204,44.7276090,-93.3796796
27139080205,44.7310934,-93.3522247
27139080301,44.7886836,-93.4454977
27139080302,44.7552922,-93.4889616
27139080400,44.7957249,-93.5192006
27139080500,44.7935525,-93.5393373
27139080600,44.7823157,-93.5385204
27139080700,44.7684155,-93.5672469
27139080800,44.6800211,-93.5852988
27139080903,44.7225340,-93.4819295
27139080904,44.7020015,-93.4254275
27139080905,44.7423417,-93.4162168
27139080906,44.7194651,-93.4067590
27139081000,44.6559576,-93.4115692
27139081100,44.5807411,-93.4128142
27139081200,44.5876514,-93.5952216
27139081300,44.5932227,-93.7488120
27141030101,45.4182345,-93.5745801
27141030102,45.5177308,-93.5519390
27141030200,45.4845200,-93.7427410
27141030300,45.4932633,-93.9959911
27141030402,45.3185300,-93.7188531
27141030403,45.3692768,-93.7253246
27141030404,45.4137034,-93.8353160
27141030502,45.3187229,-93.5395429
27141030503,45.3126297,-93.5860954
27141030504,45.3489989,-93.6034718
27141031500,45.5204364,-94.1064891
27143170198,44.6527266,-94.0181249
27143170200,44.5651506,-94.5131237
27143170300,44.5450890,-94.2389951
27143170400,44.5347645,-94.0411797
27145000301,45.5478327,-94.1653566
27145000302,45.5301172,-94.1555832
27145000401,45.5220795,-94.2075795
27145000402,45.5162208,-94.1761809
27145000500,45.5330995,-94.2370908
27145000601,45.5541103,-94.1911553
27145000602,45.5581829,-94.1776500
27145000701,45.5664725,-94.2031079
27145000801,45.5674128,-94.1721919
27145000901,45.5815548,-94.1838628
27145001001,45.5750037,-94.2373435
27145010101,45.6461437,-94.2477597
27145010102,45.6079147,-94.2112877
27145010200,45.6919904,-94.3102544
27145010401,45.6281884,-94.4381243
27145010402,45.6226348,-94.5759098
27145010403,45.7261990,-94.5172540
27145010500,45.6610938,-94.7492155
27145010600,45.7282397,-94.8409875
27145010900,45.5042506,-94.9420716
27145011000,45.3716243,-94.6893207
27145011100,45.4648571,-94.6261974
27145011200,45.3737819,-94.2826061
27145011301,45.5515272,-94.2878094
27145011302,45.4581536,-94.4325699
27145011304,45.5070908,-94.3749192
27145011400,45.4501725,-94.1937849
27145011500,45.6803596,-95.0229769
27145011600,45.5567753,-94.1539448
27147960100,44.1494337,-93.1198308
27147960200,44.0879030,-93.1801730
27147960300,44.1097154,-93.2113679
27147960400,44.0913486,-93.2531212
27147960500,43.9954943,-93.2773883
27147960600,44.0688682,-93.2342013
27147960700,44.0695383,-93.2080708
27147960800,43.8940335,-93.1726940
27149480100,45.6041847,-96.0421448
27149480200,45.6223127,-95.9313838
27149480300,45.4955206,-95.8556546
27151960100,45.2779375,-95.3695094
27151960200,45.3101642,-95.6061830
27151960300,45.2758101,-95.6901243
27151960400,45.2735891,-95.9852577
27153790100,46.3047011,-94.7946215
27153790200,46.2892756,-95.0115474
27153790300,46.0996466,-95.0174878
27153790400,46.1563308,-94.7669170
27153790500,45.9285464,-94.7570945
27153790600,45.9855165,-94.8710525
27153790700,45.9008838,-95.0346460
27153790800,45.8160327,-94.7784430
27155460100,45.8806722,-96.4229596
27155460200,45.6651873,-96.5213974
27157490100,44.3575873,-92.0492167
27157490200,44.2622103,-92.0638432
27157490300,44.4243979,-92.2371892
27157490400,44.3101731,-92.4212456
27157490500,44.2759898,-92.2401300
27157490600,44.1662547,-92.1678206
27159480100,46.7306037,-94.9846574
27159480200,46.5068658,-94.9488011
27159480300,46.4216180,-95.1051059
27161790100,44.1528087,-93.6452795
27161790200,43.9147478,-93.6179003
27161790300,44.0436421,-93.5569938
27161790400,44.0947290,-93.4983096
27161790500,44.0689308,-93.5122371
27163070103,45.2817006,-93.0012845
27163070104,45.2668810,-92.9659293
27163070105,45.2824257,-92.9347622
27163070106,45.2334620,-92.9711672
27163070203,45.1849422,-92.9553788
27163070204,45.1360375,-92.9658816
27163070205,45.2515356,-92.8334093
27163070206,45.1720116,-92.8132857
27163070301,45.0988128,-92.9676224
27163070303,45.0422262,-92.9769510
27163070304,45.0642791,-92.9598630
27163070403,45.0743466,-92.9150274
27163070404,45.0997489,-92.8227705
27163070405,45.0209961,-92.9108520
27163070406,44.9701805,-92.8935779
27163070501,45.0630525,-92.8399769
27163070502,45.0674790,-92.8095955
27163070601,45.0460990,-92.8504582
27163070602,45.0455399,-92.8082209
27163070701,44.9782028,-92.8285454
27163070703,45.0332545,-92.8033755
27163070704,45.0116248,-92.7791627
27163070801,45.0273903,-92.7893236
27163070802,45.0249583,-92.8020939
27163070906,45.0037789,-92.9630036
27163070907,45.0124567,-92.9711864
27163070909,44.9788535,-92.9468225
27163070910,44.9583750,-92.9609894
27163070911,44.9773500,-92.9712937
27163070912,44.9687967,-92.9700075
27163071001,44.9379739,-92.9705877
27163071003,44.8744622,-92.9987120
27163071006,44.9357579,-92.9424278
27163071010,44.9369929,-92.9236096
27163071011,44.9305501,-92.9133764
27163071012,44.8989906,-92.9765672
27163071013,44.9120851,-92.9539154
27163071014,44.8979541,-92.9546186
27163071015,44.9109453,-92.9233662
27163071016,44.8969573,-92.9260910
27163071017,44.9362252,-92.8840645
27163071018,44.8837709,-92.9083160
27163071101,44.9405781,-92.7688352
27163071102,44.8518184,-92.8181874
27163071206,44.8521081,-92.9548139
27163071207,44.8308698,-92.8941515
27163071208,44.8264818,-92.9371794
27163071209,44.8211400,-92.9183588
27163071300,44.8400706,-92.9952266
27163071400,44.7953143,-92.9540613
27165950100,44.0638626,-94.6169259
27165950200,43.9865216,-94.6221578
27165950300,43.9207299,-94.6095299
27167950100,46.3623354,-96.4766570
27167950200,46.2625971,-96.5760869
27169670100,44.1006158,-91.8824121
27169670200,44.0764494,-91.6963134
27169670300,44.0330521,-91.6871297
27169670400,44.0637670,-91.6555155
27169670500,44.0515080,-91.6393249
27169670600,44.0011737,-91.6775935
27169670700,44.0345309,-91.6098437
27169670800,43.9233397,-91.5292054
27169670900,43.9357097,-91.8481137
27169671000,43.9331787,-92.0193157
27171100100,45.2686414,-93.6225587
27171100202,45.2655445,-93.8347508
27171100203,45.3086007,-93.8359860
27171100204,45.2785485,-93.7573113
27171100300,45.3464370,-93.9830657
27171100400,45.2844439,-94.0746037
27171100500,45.2188972,-94.1570850
27171100701,45.1621877,-93.8754799
27171100702,45.1885066,-93.8480554
27171100703,45.2115714,-93.9153733
27171100801,45.1990130,-93.7061496
27171100802,45.2156536,-93.6138932
27171100900,45.1216279,-93.8037940
27171101000,45.0280126,-93.8419126
27171101100,45.0609284,-93.9458487
27171101200,45.0683411,-94.0747021
27171101300,45.0661009,-94.1926540
27173970100,44.8125461,-95.6751783
27173970200,44.7242746,-96.3279775
27173970300,44.7158940,-95.9596234
27173970400,44.6366344,-95.5293704
